/*TERM WEEK AND MONTH FOR SIMPLE INSURANCE PRODUCT*/
ALTER TABLE PRODUCT ADD [MAXTERMWEEK] [int] NULL,[MINTERMWEEK] [int] NULL;

/*BMI FOR SIMPLE INSURANCE PRODUCT*/
ALTER TABLE LIFEPROPOSAL_INSUREDPERSON_LINK ADD [WEIGHT] [int] NULL,[HEIGHT] [int] NULL,[RISKYOCCUPATIONID] [varchar](255) NULL;
ALTER TABLE LIFEPOLICY_INSUREDPERSON_LINK ADD [WEIGHT] [int] NULL,[HEIGHT] [int] NULL,[RISKYOCCUPATIONID] [varchar](255) NULL;
ALTER TABLE LIFEPROPOSAL_INSURED_PERSON_HISTORY ADD [WEIGHT] [int] NULL,[HEIGHT] [int] NULL,[RISKYOCCUPATIONID] [varchar](255) NULL;
ALTER TABLE LPOLICY_INSUPERSON_HISTORY ADD [WEIGHT] [int] NULL,[HEIGHT] [int] NULL,[RISKYOCCUPATIONID] [varchar](255) NULL;

	
/*PRODUCTGROUP*/
INSERT [dbo].[PRODUCTGROUP] ([ID], [NAME], [DESCRIPTION], [PROPOSALNOPREFIX], [POLICYNOPREFIX], [UNDERSESSION13], [UNDERSESSION25], [MAXSUMINSURED], [ACCOUNTNAME], [CREATEDUSERID], [CREATEDDATE], [UPDATEDUSERID], [UPDATEDDATE], [VERSION], [GROUPTYPE]) VALUES (N'ISPRD004000009607028102020          ', N'SIMPLE LIFE INSURANCE', N'SIMPLE LIFE INSURANCE', N'S', N'SL', CAST(0.0000 AS Numeric(18, 4)), CAST(0.0000 AS Numeric(18, 4)), CAST(10000000.0000 AS Numeric(18, 4)), N'SIMPLE_LIFE_INSURANCE_PREMIUM', N'INUSR0010001000000000129032013      ', CAST(N'2020-10-28 11:52:29.020' AS DateTime), N'INUSR0010001000000000129032013      ', CAST(N'2020-11-23 08:45:02.437' AS DateTime), 2, N'LIFE')


/*PRODUCT*/
INSERT [dbo].[PRODUCT] ([ID], [NAME], [PRODUCTGROUPID], [AUTOCALCULATE], [FIXEDVALUE], [PREMIUMRATETYPE], [BASESUMINSURED], [STANDARDEXCESS], [FIRSTCOMMISSION], [RENEWALCOMMISSION], [MAXSUMINSURED], [MINSUMINSURED], [MAXTERM], [MINTERM], [INSURANCETYPE], [CREATEDUSERID], [CREATEDDATE], [UPDATEDUSERID], [UPDATEDDATE], [VERSION], [CURRENCYID], [MULTICURPREFIX], [PREFIX], [MAXUNIT], [MAXAGE], [MINAGE], [MAXHOSPDAYS], [ENTEREDPERCENT], [MINTERMWEEK], [MAXTERMWEEK]) VALUES (N'ISPRD003000009609328102020          ', N'SIMPLE LIFE INSURANCE', N'ISPRD004000009607028102020          ', 1, CAST(0.0000 AS Numeric(18, 4)), N'BASED_ON_BASE_SUMINSURED', CAST(1000000.0000 AS Numeric(18, 4)), CAST(0.0000 AS Numeric(18, 4)), CAST(0.0000 AS Numeric(18, 4)), CAST(0.0000 AS Numeric(18, 4)), CAST(10000000.0000 AS Numeric(18, 4)), CAST(100000.0000 AS Numeric(18, 4)), 12, 1, N'LIFE', N'INUSR0010001000000000129032013      ', CAST(N'2020-10-28 11:39:06.677' AS DateTime), N'INUSR0010001000000000129032013      ', CAST(N'2020-11-25 11:36:11.203' AS DateTime), 8, N'ISSYS0210001000000000129032013      ', N'', NULL, N'0                                   ', 60, 17, 0, NULL, 1, 3)
INSERT [dbo].[PRODUCT] ([ID], [NAME], [PRODUCTGROUPID], [AUTOCALCULATE], [FIXEDVALUE], [PREMIUMRATETYPE], [BASESUMINSURED], [STANDARDEXCESS], [FIRSTCOMMISSION], [RENEWALCOMMISSION], [MAXSUMINSURED], [MINSUMINSURED], [MAXTERM], [MINTERM], [INSURANCETYPE], [CREATEDUSERID], [CREATEDDATE], [UPDATEDUSERID], [UPDATEDDATE], [VERSION], [CURRENCYID], [MULTICURPREFIX], [PREFIX], [MAXUNIT], [MAXAGE], [MINAGE], [MAXHOSPDAYS], [ENTEREDPERCENT], [MINTERMWEEK], [MAXTERMWEEK]) VALUES (N'ISPRD003000009610325112020          ', N'SIMPLE LIFE INSURANCE ADDON1', N'ISPRD004000009607028102020          ', 1, CAST(0.0000 AS Numeric(18, 4)), N'BASED_ON_BASE_SUMINSURED', CAST(1000000.0000 AS Numeric(18, 4)), CAST(0.0000 AS Numeric(18, 4)), CAST(0.0000 AS Numeric(18, 4)), CAST(0.0000 AS Numeric(18, 4)), CAST(10000000.0000 AS Numeric(18, 4)), CAST(100000.0000 AS Numeric(18, 4)), 12, 1, N'LIFE', N'INUSR0010001000000000129032013      ', CAST(N'2020-11-25 10:36:09.767' AS DateTime), N'INUSR0010001000000000129032013      ', CAST(N'2020-11-25 11:35:30.653' AS DateTime), 2, N'ISSYS0210001000000000129032013      ', N'', NULL, N'0                                   ', 60, 17, 0, NULL, 1, 3)
INSERT [dbo].[PRODUCT] ([ID], [NAME], [PRODUCTGROUPID], [AUTOCALCULATE], [FIXEDVALUE], [PREMIUMRATETYPE], [BASESUMINSURED], [STANDARDEXCESS], [FIRSTCOMMISSION], [RENEWALCOMMISSION], [MAXSUMINSURED], [MINSUMINSURED], [MAXTERM], [MINTERM], [INSURANCETYPE], [CREATEDUSERID], [CREATEDDATE], [UPDATEDUSERID], [UPDATEDDATE], [VERSION], [CURRENCYID], [MULTICURPREFIX], [PREFIX], [MAXUNIT], [MAXAGE], [MINAGE], [MAXHOSPDAYS], [ENTEREDPERCENT], [MINTERMWEEK], [MAXTERMWEEK]) VALUES (N'ISPRD003000009610425112020          ', N'SIMPLE LIFE INSURANCE ADDON2', N'ISPRD004000009607028102020          ', 1, CAST(0.0000 AS Numeric(18, 4)), N'BASED_ON_BASE_SUMINSURED', CAST(1000000.0000 AS Numeric(18, 4)), CAST(0.0000 AS Numeric(18, 4)), CAST(0.0000 AS Numeric(18, 4)), CAST(0.0000 AS Numeric(18, 4)), CAST(10000000.0000 AS Numeric(18, 4)), CAST(100000.0000 AS Numeric(18, 4)), 12, 1, N'LIFE', N'INUSR0010001000000000129032013      ', CAST(N'2020-11-25 10:39:18.697' AS DateTime), N'INUSR0010001000000000129032013      ', CAST(N'2020-11-25 11:36:25.190' AS DateTime), 2, N'ISSYS0210001000000000129032013      ', N'', NULL, N'0                                   ', 0, 0, 0, NULL, 1, 3)
INSERT [dbo].[PRODUCT] ([ID], [NAME], [PRODUCTGROUPID], [AUTOCALCULATE], [FIXEDVALUE], [PREMIUMRATETYPE], [BASESUMINSURED], [STANDARDEXCESS], [FIRSTCOMMISSION], [RENEWALCOMMISSION], [MAXSUMINSURED], [MINSUMINSURED], [MAXTERM], [MINTERM], [INSURANCETYPE], [CREATEDUSERID], [CREATEDDATE], [UPDATEDUSERID], [UPDATEDDATE], [VERSION], [CURRENCYID], [MULTICURPREFIX], [PREFIX], [MAXUNIT], [MAXAGE], [MINAGE], [MAXHOSPDAYS], [ENTEREDPERCENT], [MINTERMWEEK], [MAXTERMWEEK]) VALUES (N'ISPRD003000009610525112020          ', N'SIMPLE LIFE INSURANCE ADDON3', N'ISPRD004000009607028102020          ', 1, CAST(0.0000 AS Numeric(18, 4)), N'BASED_ON_BASE_SUMINSURED', CAST(1000000.0000 AS Numeric(18, 4)), CAST(0.0000 AS Numeric(18, 4)), CAST(0.0000 AS Numeric(18, 4)), CAST(0.0000 AS Numeric(18, 4)), CAST(10000000.0000 AS Numeric(18, 4)), CAST(100000.0000 AS Numeric(18, 4)), 12, 1, N'LIFE', N'INUSR0010001000000000129032013      ', CAST(N'2020-11-25 10:41:09.647' AS DateTime), N'INUSR0010001000000000129032013      ', CAST(N'2020-11-25 11:36:34.647' AS DateTime), 2, N'ISSYS0210001000000000129032013      ', N'', NULL, N'0                                   ', 60, 17, 0, NULL, 1, 3)
INSERT [dbo].[PRODUCT] ([ID], [NAME], [PRODUCTGROUPID], [AUTOCALCULATE], [FIXEDVALUE], [PREMIUMRATETYPE], [BASESUMINSURED], [STANDARDEXCESS], [FIRSTCOMMISSION], [RENEWALCOMMISSION], [MAXSUMINSURED], [MINSUMINSURED], [MAXTERM], [MINTERM], [INSURANCETYPE], [CREATEDUSERID], [CREATEDDATE], [UPDATEDUSERID], [UPDATEDDATE], [VERSION], [CURRENCYID], [MULTICURPREFIX], [PREFIX], [MAXUNIT], [MAXAGE], [MINAGE], [MAXHOSPDAYS], [ENTEREDPERCENT], [MINTERMWEEK], [MAXTERMWEEK]) VALUES (N'ISPRD003000009610625112020          ', N'SIMPLE LIFE INSURANCE ADDON4', N'ISPRD004000009607028102020          ', 1, CAST(0.0000 AS Numeric(18, 4)), N'BASED_ON_BASE_SUMINSURED', CAST(1000000.0000 AS Numeric(18, 4)), CAST(0.0000 AS Numeric(18, 4)), CAST(0.0000 AS Numeric(18, 4)), CAST(0.0000 AS Numeric(18, 4)), CAST(10000000.0000 AS Numeric(18, 4)), CAST(100000.0000 AS Numeric(18, 4)), 12, 1, N'LIFE', N'INUSR0010001000000000129032013      ', CAST(N'2020-11-25 10:43:02.913' AS DateTime), N'INUSR0010001000000000129032013      ', CAST(N'2020-11-25 11:36:53.017' AS DateTime), 2, N'ISSYS0210001000000000129032013      ', N'', NULL, N'0                                   ', 60, 17, 0, NULL, 1, 3)
INSERT [dbo].[PRODUCT] ([ID], [NAME], [PRODUCTGROUPID], [AUTOCALCULATE], [FIXEDVALUE], [PREMIUMRATETYPE], [BASESUMINSURED], [STANDARDEXCESS], [FIRSTCOMMISSION], [RENEWALCOMMISSION], [MAXSUMINSURED], [MINSUMINSURED], [MAXTERM], [MINTERM], [INSURANCETYPE], [CREATEDUSERID], [CREATEDDATE], [UPDATEDUSERID], [UPDATEDDATE], [VERSION], [CURRENCYID], [MULTICURPREFIX], [PREFIX], [MAXUNIT], [MAXAGE], [MINAGE], [MAXHOSPDAYS], [ENTEREDPERCENT], [MINTERMWEEK], [MAXTERMWEEK]) VALUES (N'ISPRD003000009610725112020          ', N'SIMPLE LIFE INSURANCE ADDON5', N'ISPRD004000009607028102020          ', 1, CAST(0.0000 AS Numeric(18, 4)), N'BASED_ON_BASE_SUMINSURED', CAST(1000000.0000 AS Numeric(18, 4)), CAST(0.0000 AS Numeric(18, 4)), CAST(0.0000 AS Numeric(18, 4)), CAST(0.0000 AS Numeric(18, 4)), CAST(0.0000 AS Numeric(18, 4)), CAST(0.0000 AS Numeric(18, 4)), 12, 1, N'LIFE', N'INUSR0010001000000000129032013      ', CAST(N'2020-11-25 10:44:04.927' AS DateTime), N'INUSR0010001000000000129032013      ', CAST(N'2020-11-25 11:37:10.067' AS DateTime), 2, N'ISSYS0210001000000000129032013      ', N'', NULL, N'0                                   ', 60, 17, 0, NULL, 1, 3)

/* PRODUCT_ADDON_LINK */
INSERT [dbo].[PRODUCT_ADDON_LINK] ([PRODUCTID], [ADDONID]) VALUES (N'ISPRD003000009609328102020          ', N'ISSYS014000009607826112020          ')
INSERT [dbo].[PRODUCT_ADDON_LINK] ([PRODUCTID], [ADDONID]) VALUES (N'ISPRD003000009609328102020          ', N'ISSYS014000009607926112020          ')
INSERT [dbo].[PRODUCT_ADDON_LINK] ([PRODUCTID], [ADDONID]) VALUES (N'ISPRD003000009609328102020          ', N'ISSYS014000009608026112020          ')
INSERT [dbo].[PRODUCT_ADDON_LINK] ([PRODUCTID], [ADDONID]) VALUES (N'ISPRD003000009609328102020          ', N'ISSYS014000009608126112020          ')
INSERT [dbo].[PRODUCT_ADDON_LINK] ([PRODUCTID], [ADDONID]) VALUES (N'ISPRD003000009609328102020          ', N'ISSYS014000009608226112020          ')

/* PRODUCT_PAYMENTTYPE_LINK */
INSERT [dbo].[PRODUCT_PAYMENTTYPE_LINK] ([PRODUCTID], [PAYMENTTYPEID]) VALUES (N'ISPRD003000009609328102020          ', N'ISSYS0090001000000000429032013      ')
INSERT [dbo].[PRODUCT_PAYMENTTYPE_LINK] ([PRODUCTID], [PAYMENTTYPEID]) VALUES (N'ISPRD003000009610325112020          ', N'ISSYS0090001000000000429032013      ')
INSERT [dbo].[PRODUCT_PAYMENTTYPE_LINK] ([PRODUCTID], [PAYMENTTYPEID]) VALUES (N'ISPRD003000009610425112020          ', N'ISSYS0090001000000000429032013      ')
INSERT [dbo].[PRODUCT_PAYMENTTYPE_LINK] ([PRODUCTID], [PAYMENTTYPEID]) VALUES (N'ISPRD003000009610525112020          ', N'ISSYS0090001000000000429032013      ')
INSERT [dbo].[PRODUCT_PAYMENTTYPE_LINK] ([PRODUCTID], [PAYMENTTYPEID]) VALUES (N'ISPRD003000009610625112020          ', N'ISSYS0090001000000000429032013      ')
INSERT [dbo].[PRODUCT_PAYMENTTYPE_LINK] ([PRODUCTID], [PAYMENTTYPEID]) VALUES (N'ISPRD003000009610725112020          ', N'ISSYS0090001000000000429032013      ')


/* PRODUCT_KEYFACTOR_LINK */     
INSERT [dbo].[PRODUCT_KEYFACTOR_LINK] ([PRODUCTID], [KEYFACTORID]) VALUES (N'ISPRD003000009609328102020          ', N'ISSYS0130001000000000829032013')
INSERT [dbo].[PRODUCT_KEYFACTOR_LINK] ([PRODUCTID], [KEYFACTORID]) VALUES (N'ISPRD003000009609328102020          ', N'ISSYS013001000000030730062015')

INSERT [dbo].[PRODUCT_KEYFACTOR_LINK] ([PRODUCTID], [KEYFACTORID]) VALUES (N'ISPRD003000009610325112020          ', N'ISSYS0130001000000000829032013      ')
INSERT [dbo].[PRODUCT_KEYFACTOR_LINK] ([PRODUCTID], [KEYFACTORID]) VALUES (N'ISPRD003000009610325112020          ', N'ISSYS013001000000030730062015      ')

INSERT [dbo].[PRODUCT_KEYFACTOR_LINK] ([PRODUCTID], [KEYFACTORID]) VALUES (N'ISPRD003000009610425112020           ', N'ISSYS0130001000000000829032013      ')
INSERT [dbo].[PRODUCT_KEYFACTOR_LINK] ([PRODUCTID], [KEYFACTORID]) VALUES (N'ISPRD003000009610425112020           ', N'ISSYS013001000000030730062015      ')

INSERT [dbo].[PRODUCT_KEYFACTOR_LINK] ([PRODUCTID], [KEYFACTORID]) VALUES (N'ISPRD003000009610525112020             ', N'ISSYS0130001000000000829032013      ')
INSERT [dbo].[PRODUCT_KEYFACTOR_LINK] ([PRODUCTID], [KEYFACTORID]) VALUES (N'ISPRD003000009610525112020             ', N'ISSYS013001000000030730062015      ')

INSERT [dbo].[PRODUCT_KEYFACTOR_LINK] ([PRODUCTID], [KEYFACTORID]) VALUES (N'ISPRD003000009610625112020          ', N'ISSYS0130001000000000829032013      ')
INSERT [dbo].[PRODUCT_KEYFACTOR_LINK] ([PRODUCTID], [KEYFACTORID]) VALUES (N'ISPRD003000009610625112020          ', N'ISSYS013001000000030730062015      ')

INSERT [dbo].[PRODUCT_KEYFACTOR_LINK] ([PRODUCTID], [KEYFACTORID]) VALUES (N'ISPRD003000009610725112020          ', N'ISSYS0130001000000000829032013      ')
INSERT [dbo].[PRODUCT_KEYFACTOR_LINK] ([PRODUCTID], [KEYFACTORID]) VALUES (N'ISPRD003000009610725112020          ', N'ISSYS013001000000030730062015      ')

/* PRODUCT_PREMIUMRATE_LINK */
INSERT [dbo].[PRODUCT_PREMIUMRATE_LINK] ([ID], [PREMIUMRATE], [PRODUCTID], [CREATEDUSERID], [CREATEDDATE], [UPDATEDUSERID], [UPDATEDDATE], [VERSION], [SUMINSUREDTYPE]) VALUES (N'ISPRD00200001912525112020          ', CAST(150.0000 AS Numeric(18, 4)),  N'ISPRD003000009609328102020          ', N'INUSR0010001000000000129032013      ', CAST(N'2020-11-25 10:51:34.773' AS DateTime), NULL, NULL, 1, NULL)
INSERT [dbo].[PRODUCT_PREMIUMRATE_LINK] ([ID], [PREMIUMRATE], [PRODUCTID], [CREATEDUSERID], [CREATEDDATE], [UPDATEDUSERID], [UPDATEDDATE], [VERSION], [SUMINSUREDTYPE]) VALUES (N'ISPRD00200001912625112020          ', CAST(300.0000 AS Numeric(18, 4)),  N'ISPRD003000009609328102020          ', N'INUSR0010001000000000129032013      ', CAST(N'2020-11-25 10:51:34.773' AS DateTime), NULL, NULL, 1, NULL)
INSERT [dbo].[PRODUCT_PREMIUMRATE_LINK] ([ID], [PREMIUMRATE], [PRODUCTID], [CREATEDUSERID], [CREATEDDATE], [UPDATEDUSERID], [UPDATEDDATE], [VERSION], [SUMINSUREDTYPE]) VALUES (N'ISPRD00200001912725112020          ', CAST(450.0000 AS Numeric(18, 4)),  N'ISPRD003000009609328102020          ', N'INUSR0010001000000000129032013      ', CAST(N'2020-11-25 10:51:34.773' AS DateTime), NULL, NULL, 1, NULL)
INSERT [dbo].[PRODUCT_PREMIUMRATE_LINK] ([ID], [PREMIUMRATE], [PRODUCTID], [CREATEDUSERID], [CREATEDDATE], [UPDATEDUSERID], [UPDATEDDATE], [VERSION], [SUMINSUREDTYPE]) VALUES (N'ISPRD00200001912825112020          ', CAST(600.0000 AS Numeric(18, 4)),  N'ISPRD003000009609328102020          ', N'INUSR0010001000000000129032013      ', CAST(N'2020-11-25 10:51:34.773' AS DateTime), NULL, NULL, 1, NULL)
INSERT [dbo].[PRODUCT_PREMIUMRATE_LINK] ([ID], [PREMIUMRATE], [PRODUCTID], [CREATEDUSERID], [CREATEDDATE], [UPDATEDUSERID], [UPDATEDDATE], [VERSION], [SUMINSUREDTYPE]) VALUES (N'ISPRD00200001912925112020          ', CAST(1200.0000 AS Numeric(18, 4)), N'ISPRD003000009609328102020          ', N'INUSR0010001000000000129032013      ', CAST(N'2020-11-25 10:51:34.773' AS DateTime), NULL, NULL, 1, NULL)
INSERT [dbo].[PRODUCT_PREMIUMRATE_LINK] ([ID], [PREMIUMRATE], [PRODUCTID], [CREATEDUSERID], [CREATEDDATE], [UPDATEDUSERID], [UPDATEDDATE], [VERSION], [SUMINSUREDTYPE]) VALUES (N'ISPRD00200001913025112020          ', CAST(1800.0000 AS Numeric(18, 4)), N'ISPRD003000009609328102020          ', N'INUSR0010001000000000129032013      ', CAST(N'2020-11-25 10:51:34.773' AS DateTime), NULL, NULL, 1, NULL)
INSERT [dbo].[PRODUCT_PREMIUMRATE_LINK] ([ID], [PREMIUMRATE], [PRODUCTID], [CREATEDUSERID], [CREATEDDATE], [UPDATEDUSERID], [UPDATEDDATE], [VERSION], [SUMINSUREDTYPE]) VALUES (N'ISPRD00200001913125112020          ', CAST(2400.0000 AS Numeric(18, 4)), N'ISPRD003000009609328102020          ', N'INUSR0010001000000000129032013      ', CAST(N'2020-11-25 10:51:34.773' AS DateTime), NULL, NULL, 1, NULL)
INSERT [dbo].[PRODUCT_PREMIUMRATE_LINK] ([ID], [PREMIUMRATE], [PRODUCTID], [CREATEDUSERID], [CREATEDDATE], [UPDATEDUSERID], [UPDATEDDATE], [VERSION], [SUMINSUREDTYPE]) VALUES (N'ISPRD00200001913225112020          ', CAST(3000.0000 AS Numeric(18, 4)), N'ISPRD003000009609328102020          ', N'INUSR0010001000000000129032013      ', CAST(N'2020-11-25 10:51:34.773' AS DateTime), NULL, NULL, 1, NULL)
INSERT [dbo].[PRODUCT_PREMIUMRATE_LINK] ([ID], [PREMIUMRATE], [PRODUCTID], [CREATEDUSERID], [CREATEDDATE], [UPDATEDUSERID], [UPDATEDDATE], [VERSION], [SUMINSUREDTYPE]) VALUES (N'ISPRD00200001913325112020          ', CAST(3600.0000 AS Numeric(18, 4)), N'ISPRD003000009609328102020          ', N'INUSR0010001000000000129032013      ', CAST(N'2020-11-25 10:51:34.773' AS DateTime), NULL, NULL, 1, NULL)
INSERT [dbo].[PRODUCT_PREMIUMRATE_LINK] ([ID], [PREMIUMRATE], [PRODUCTID], [CREATEDUSERID], [CREATEDDATE], [UPDATEDUSERID], [UPDATEDDATE], [VERSION], [SUMINSUREDTYPE]) VALUES (N'ISPRD00200001913425112020          ', CAST(4200.0000 AS Numeric(18, 4)), N'ISPRD003000009609328102020          ', N'INUSR0010001000000000129032013      ', CAST(N'2020-11-25 10:51:34.773' AS DateTime), NULL, NULL, 1, NULL)
INSERT [dbo].[PRODUCT_PREMIUMRATE_LINK] ([ID], [PREMIUMRATE], [PRODUCTID], [CREATEDUSERID], [CREATEDDATE], [UPDATEDUSERID], [UPDATEDDATE], [VERSION], [SUMINSUREDTYPE]) VALUES (N'ISPRD002000019135025112020         ', CAST(4800.0000 AS Numeric(18, 4)), N'ISPRD003000009609328102020          ', N'INUSR0010001000000000129032013      ', CAST(N'2020-11-25 10:51:34.773' AS DateTime), NULL, NULL, 1, NULL)
INSERT [dbo].[PRODUCT_PREMIUMRATE_LINK] ([ID], [PREMIUMRATE], [PRODUCTID], [CREATEDUSERID], [CREATEDDATE], [UPDATEDUSERID], [UPDATEDDATE], [VERSION], [SUMINSUREDTYPE]) VALUES (N'ISPRD002000019136125112020         ', CAST(5350.0000 AS Numeric(18, 4)), N'ISPRD003000009609328102020          ', N'INUSR0010001000000000129032013      ', CAST(N'2020-11-25 10:51:34.773' AS DateTime), NULL, NULL, 1, NULL)
INSERT [dbo].[PRODUCT_PREMIUMRATE_LINK] ([ID], [PREMIUMRATE], [PRODUCTID], [CREATEDUSERID], [CREATEDDATE], [UPDATEDUSERID], [UPDATEDDATE], [VERSION], [SUMINSUREDTYPE]) VALUES (N'ISPRD002000019137225112020         ', CAST(5900.0000 AS Numeric(18, 4)), N'ISPRD003000009609328102020          ', N'INUSR0010001000000000129032013      ', CAST(N'2020-11-25 10:51:34.773' AS DateTime), NULL, NULL, 1, NULL)
INSERT [dbo].[PRODUCT_PREMIUMRATE_LINK] ([ID], [PREMIUMRATE], [PRODUCTID], [CREATEDUSERID], [CREATEDDATE], [UPDATEDUSERID], [UPDATEDDATE], [VERSION], [SUMINSUREDTYPE]) VALUES (N'ISPRD00200001913825112020         ', CAST(6450.0000 AS Numeric(18, 4)),  N'ISPRD003000009609328102020          ', N'INUSR0010001000000000129032013      ', CAST(N'2020-11-25 10:51:34.773' AS DateTime), NULL, NULL, 1, NULL)
INSERT [dbo].[PRODUCT_PREMIUMRATE_LINK] ([ID], [PREMIUMRATE], [PRODUCTID], [CREATEDUSERID], [CREATEDDATE], [UPDATEDUSERID], [UPDATEDDATE], [VERSION], [SUMINSUREDTYPE]) VALUES (N'ISPRD00200001913925112020         ', CAST(7000.0000 AS Numeric(18, 4)),  N'ISPRD003000009609328102020          ', N'INUSR0010001000000000129032013      ', CAST(N'2020-11-25 10:51:34.773' AS DateTime), NULL, NULL, 1, NULL)
INSERT [dbo].[PRODUCT_PREMIUMRATE_LINK] ([ID], [PREMIUMRATE], [PRODUCTID], [CREATEDUSERID], [CREATEDDATE], [UPDATEDUSERID], [UPDATEDDATE], [VERSION], [SUMINSUREDTYPE]) VALUES (N'ISPRD00200001914025112020         ', CAST(14000.0000 AS Numeric(18, 4)), N'ISPRD003000009609328102020          ', N'INUSR0010001000000000129032013      ', CAST(N'2020-11-25 10:51:34.773' AS DateTime), NULL, NULL, 1, NULL)
INSERT [dbo].[PRODUCT_PREMIUMRATE_LINK] ([ID], [PREMIUMRATE], [PRODUCTID], [CREATEDUSERID], [CREATEDDATE], [UPDATEDUSERID], [UPDATEDDATE], [VERSION], [SUMINSUREDTYPE]) VALUES (N'ISPRD00200001914125112020         ', CAST(15000.0000 AS Numeric(18, 4)), N'ISPRD003000009609328102020          ', N'INUSR0010001000000000129032013      ', CAST(N'2020-11-25 10:51:34.773' AS DateTime), NULL, NULL, 1, NULL)
INSERT [dbo].[PRODUCT_PREMIUMRATE_LINK] ([ID], [PREMIUMRATE], [PRODUCTID], [CREATEDUSERID], [CREATEDDATE], [UPDATEDUSERID], [UPDATEDDATE], [VERSION], [SUMINSUREDTYPE]) VALUES (N'ISPRD00200001914225112020         ', CAST(16000.0000 AS Numeric(18, 4)), N'ISPRD003000009609328102020          ', N'INUSR0010001000000000129032013      ', CAST(N'2020-11-25 10:51:34.773' AS DateTime), NULL, NULL, 1, NULL)
INSERT [dbo].[PRODUCT_PREMIUMRATE_LINK] ([ID], [PREMIUMRATE], [PRODUCTID], [CREATEDUSERID], [CREATEDDATE], [UPDATEDUSERID], [UPDATEDDATE], [VERSION], [SUMINSUREDTYPE]) VALUES (N'ISPRD00200001914325112020         ', CAST(17000.0000 AS Numeric(18, 4)), N'ISPRD003000009609328102020          ', N'INUSR0010001000000000129032013      ', CAST(N'2020-11-25 10:51:34.773' AS DateTime), NULL, NULL, 1, NULL)
INSERT [dbo].[PRODUCT_PREMIUMRATE_LINK] ([ID], [PREMIUMRATE], [PRODUCTID], [CREATEDUSERID], [CREATEDDATE], [UPDATEDUSERID], [UPDATEDDATE], [VERSION], [SUMINSUREDTYPE]) VALUES (N'ISPRD00200001914425112020         ', CAST(19000.0000 AS Numeric(18, 4)), N'ISPRD003000009609328102020          ', N'INUSR0010001000000000129032013      ', CAST(N'2020-11-25 10:51:34.773' AS DateTime), NULL, NULL, 1, NULL)
INSERT [dbo].[PRODUCT_PREMIUMRATE_LINK] ([ID], [PREMIUMRATE], [PRODUCTID], [CREATEDUSERID], [CREATEDDATE], [UPDATEDUSERID], [UPDATEDDATE], [VERSION], [SUMINSUREDTYPE]) VALUES (N'ISPRD00200001914525112020         ', CAST(20000.0000 AS Numeric(18, 4)), N'ISPRD003000009609328102020          ', N'INUSR0010001000000000129032013      ', CAST(N'2020-11-25 10:51:34.773' AS DateTime), NULL, NULL, 1, NULL)
INSERT [dbo].[PRODUCT_PREMIUMRATE_LINK] ([ID], [PREMIUMRATE], [PRODUCTID], [CREATEDUSERID], [CREATEDDATE], [UPDATEDUSERID], [UPDATEDDATE], [VERSION], [SUMINSUREDTYPE]) VALUES (N'ISPRD00200001914625112020         ', CAST(21000.0000 AS Numeric(18, 4)), N'ISPRD003000009609328102020          ', N'INUSR0010001000000000129032013      ', CAST(N'2020-11-25 10:51:34.773' AS DateTime), NULL, NULL, 1, NULL)
INSERT [dbo].[PRODUCT_PREMIUMRATE_LINK] ([ID], [PREMIUMRATE], [PRODUCTID], [CREATEDUSERID], [CREATEDDATE], [UPDATEDUSERID], [UPDATEDDATE], [VERSION], [SUMINSUREDTYPE]) VALUES (N'ISPRD00200001914725112020         ', CAST(23000.0000 AS Numeric(18, 4)), N'ISPRD003000009609328102020          ', N'INUSR0010001000000000129032013      ', CAST(N'2020-11-25 10:51:34.773' AS DateTime), NULL, NULL, 1, NULL)
INSERT [dbo].[PRODUCT_PREMIUMRATE_LINK] ([ID], [PREMIUMRATE], [PRODUCTID], [CREATEDUSERID], [CREATEDDATE], [UPDATEDUSERID], [UPDATEDDATE], [VERSION], [SUMINSUREDTYPE]) VALUES (N'ISPRD00200001914825112020         ', CAST(26000.0000 AS Numeric(18, 4)), N'ISPRD003000009609328102020          ', N'INUSR0010001000000000129032013      ', CAST(N'2020-11-25 10:51:34.773' AS DateTime), NULL, NULL, 1, NULL)
INSERT [dbo].[PRODUCT_PREMIUMRATE_LINK] ([ID], [PREMIUMRATE], [PRODUCTID], [CREATEDUSERID], [CREATEDDATE], [UPDATEDUSERID], [UPDATEDDATE], [VERSION], [SUMINSUREDTYPE]) VALUES (N'ISPRD00200001914925112020         ', CAST(29000.0000 AS Numeric(18, 4)), N'ISPRD003000009609328102020          ', N'INUSR0010001000000000129032013      ', CAST(N'2020-11-25 10:51:34.773' AS DateTime), NULL, NULL, 1, NULL)

/* PRODUCT_RATEKEYFACTOR */       
INSERT [dbo].[PRODUCT_RATEKEYFACTOR] ([ID], [PRODUCTPREMIUMRATEID], [KEYFACTORID], [FROMVALUE], [TOVALUE], [VALUE], [REFERENCENAME], [VERSION]) VALUES (N'ISPRD0010001000014748313082018', N'ISPRD00200001912525112020          ', N'ISSYS0130001000000000829032013      ', CAST(0.0000 AS Numeric(18, 4)), CAST(0.0000 AS Numeric(18, 4)), N'1', NULL, 1)
INSERT [dbo].[PRODUCT_RATEKEYFACTOR] ([ID], [PRODUCTPREMIUMRATEID], [KEYFACTORID], [FROMVALUE], [TOVALUE], [VALUE], [REFERENCENAME], [VERSION]) VALUES (N'ISPRD0010001000014748323082018', N'ISPRD00200001912525112020          ', N'ISSYS013001000000030730062015       ', CAST(17.0000 AS Numeric(18, 4)), CAST(50.0000 AS Numeric(18, 4)), NULL, NULL, 1)
INSERT [dbo].[PRODUCT_RATEKEYFACTOR] ([ID], [PRODUCTPREMIUMRATEID], [KEYFACTORID], [FROMVALUE], [TOVALUE], [VALUE], [REFERENCENAME], [VERSION]) VALUES (N'ISPRD0010001000014748333082018', N'ISPRD00200001912625112020          ', N'ISSYS0130001000000000829032013      ', CAST(0.0000 AS Numeric(18, 4)), CAST(0.0000 AS Numeric(18, 4)), N'2', NULL, 1)
INSERT [dbo].[PRODUCT_RATEKEYFACTOR] ([ID], [PRODUCTPREMIUMRATEID], [KEYFACTORID], [FROMVALUE], [TOVALUE], [VALUE], [REFERENCENAME], [VERSION]) VALUES (N'ISPRD0010001000014748343082018', N'ISPRD00200001912625112020          ', N'ISSYS013001000000030730062015       ', CAST(17.0000 AS Numeric(18, 4)), CAST(50.0000 AS Numeric(18, 4)), NULL, NULL, 1)
INSERT [dbo].[PRODUCT_RATEKEYFACTOR] ([ID], [PRODUCTPREMIUMRATEID], [KEYFACTORID], [FROMVALUE], [TOVALUE], [VALUE], [REFERENCENAME], [VERSION]) VALUES (N'ISPRD0010001000014748353082018', N'ISPRD00200001912725112020          ', N'ISSYS0130001000000000829032013      ', CAST(0.0000 AS Numeric(18, 4)), CAST(0.0000 AS Numeric(18, 4)), N'3', NULL, 1)
INSERT [dbo].[PRODUCT_RATEKEYFACTOR] ([ID], [PRODUCTPREMIUMRATEID], [KEYFACTORID], [FROMVALUE], [TOVALUE], [VALUE], [REFERENCENAME], [VERSION]) VALUES (N'ISPRD0010001000014748363082018', N'ISPRD00200001912725112020          ', N'ISSYS013001000000030730062015       ', CAST(17.0000 AS Numeric(18, 4)), CAST(50.0000 AS Numeric(18, 4)), NULL, NULL, 1)
INSERT [dbo].[PRODUCT_RATEKEYFACTOR] ([ID], [PRODUCTPREMIUMRATEID], [KEYFACTORID], [FROMVALUE], [TOVALUE], [VALUE], [REFERENCENAME], [VERSION]) VALUES (N'ISPRD0010001000014748373082018', N'ISPRD00200001912825112020          ', N'ISSYS0130001000000000829032013      ', CAST(0.0000 AS Numeric(18, 4)), CAST(0.0000 AS Numeric(18, 4)), N'1', NULL, 1)
INSERT [dbo].[PRODUCT_RATEKEYFACTOR] ([ID], [PRODUCTPREMIUMRATEID], [KEYFACTORID], [FROMVALUE], [TOVALUE], [VALUE], [REFERENCENAME], [VERSION]) VALUES (N'ISPRD0010001000014748383082018', N'ISPRD00200001912825112020          ', N'ISSYS013001000000030730062015       ', CAST(17.0000 AS Numeric(18, 4)), CAST(50.0000 AS Numeric(18, 4)), NULL, NULL, 1)
INSERT [dbo].[PRODUCT_RATEKEYFACTOR] ([ID], [PRODUCTPREMIUMRATEID], [KEYFACTORID], [FROMVALUE], [TOVALUE], [VALUE], [REFERENCENAME], [VERSION]) VALUES (N'ISPRD0010001000014748393082018', N'ISPRD00200001912925112020          ', N'ISSYS0130001000000000829032013      ', CAST(0.0000 AS Numeric(18, 4)), CAST(0.0000 AS Numeric(18, 4)), N'2', NULL, 1)
INSERT [dbo].[PRODUCT_RATEKEYFACTOR] ([ID], [PRODUCTPREMIUMRATEID], [KEYFACTORID], [FROMVALUE], [TOVALUE], [VALUE], [REFERENCENAME], [VERSION]) VALUES (N'ISPRD0010001000014748403082018', N'ISPRD00200001912925112020          ', N'ISSYS013001000000030730062015       ', CAST(17.0000 AS Numeric(18, 4)), CAST(50.0000 AS Numeric(18, 4)), NULL, NULL, 1)
INSERT [dbo].[PRODUCT_RATEKEYFACTOR] ([ID], [PRODUCTPREMIUMRATEID], [KEYFACTORID], [FROMVALUE], [TOVALUE], [VALUE], [REFERENCENAME], [VERSION]) VALUES (N'ISPRD0010001000014748413082018', N'ISPRD00200001913025112020          ', N'ISSYS0130001000000000829032013      ', CAST(0.0000 AS Numeric(18, 4)), CAST(0.0000 AS Numeric(18, 4)), N'3', NULL, 1)
INSERT [dbo].[PRODUCT_RATEKEYFACTOR] ([ID], [PRODUCTPREMIUMRATEID], [KEYFACTORID], [FROMVALUE], [TOVALUE], [VALUE], [REFERENCENAME], [VERSION]) VALUES (N'ISPRD0010001000014748423082018', N'ISPRD00200001913025112020          ', N'ISSYS013001000000030730062015       ', CAST(17.0000 AS Numeric(18, 4)), CAST(50.0000 AS Numeric(18, 4)), NULL, NULL, 1)
INSERT [dbo].[PRODUCT_RATEKEYFACTOR] ([ID], [PRODUCTPREMIUMRATEID], [KEYFACTORID], [FROMVALUE], [TOVALUE], [VALUE], [REFERENCENAME], [VERSION]) VALUES (N'ISPRD0010001000014748433082018', N'ISPRD00200001913125112020          ', N'ISSYS0130001000000000829032013      ', CAST(0.0000 AS Numeric(18, 4)), CAST(0.0000 AS Numeric(18, 4)), N'4', NULL, 1)
INSERT [dbo].[PRODUCT_RATEKEYFACTOR] ([ID], [PRODUCTPREMIUMRATEID], [KEYFACTORID], [FROMVALUE], [TOVALUE], [VALUE], [REFERENCENAME], [VERSION]) VALUES (N'ISPRD0010001000014748443082018', N'ISPRD00200001913125112020          ', N'ISSYS013001000000030730062015       ', CAST(17.0000 AS Numeric(18, 4)), CAST(50.0000 AS Numeric(18, 4)), NULL, NULL, 1)
INSERT [dbo].[PRODUCT_RATEKEYFACTOR] ([ID], [PRODUCTPREMIUMRATEID], [KEYFACTORID], [FROMVALUE], [TOVALUE], [VALUE], [REFERENCENAME], [VERSION]) VALUES (N'ISPRD0010001000014748453082018', N'ISPRD00200001913225112020          ', N'ISSYS0130001000000000829032013      ', CAST(0.0000 AS Numeric(18, 4)), CAST(0.0000 AS Numeric(18, 4)), N'5', NULL, 1)
INSERT [dbo].[PRODUCT_RATEKEYFACTOR] ([ID], [PRODUCTPREMIUMRATEID], [KEYFACTORID], [FROMVALUE], [TOVALUE], [VALUE], [REFERENCENAME], [VERSION]) VALUES (N'ISPRD0010001000014748463082018', N'ISPRD00200001913225112020          ', N'ISSYS013001000000030730062015       ', CAST(17.0000 AS Numeric(18, 4)), CAST(50.0000 AS Numeric(18, 4)), NULL, NULL, 1)
INSERT [dbo].[PRODUCT_RATEKEYFACTOR] ([ID], [PRODUCTPREMIUMRATEID], [KEYFACTORID], [FROMVALUE], [TOVALUE], [VALUE], [REFERENCENAME], [VERSION]) VALUES (N'ISPRD0010001000014748473082018', N'ISPRD00200001913325112020          ', N'ISSYS0130001000000000829032013      ', CAST(0.0000 AS Numeric(18, 4)), CAST(0.0000 AS Numeric(18, 4)), N'6', NULL, 1)
INSERT [dbo].[PRODUCT_RATEKEYFACTOR] ([ID], [PRODUCTPREMIUMRATEID], [KEYFACTORID], [FROMVALUE], [TOVALUE], [VALUE], [REFERENCENAME], [VERSION]) VALUES (N'ISPRD0010001000014748483082018', N'ISPRD00200001913325112020          ', N'ISSYS013001000000030730062015       ', CAST(17.0000 AS Numeric(18, 4)), CAST(50.0000 AS Numeric(18, 4)), NULL, NULL, 1)
INSERT [dbo].[PRODUCT_RATEKEYFACTOR] ([ID], [PRODUCTPREMIUMRATEID], [KEYFACTORID], [FROMVALUE], [TOVALUE], [VALUE], [REFERENCENAME], [VERSION]) VALUES (N'ISPRD0010001000014748493082018', N'ISPRD00200001913425112020          ', N'ISSYS0130001000000000829032013      ', CAST(0.0000 AS Numeric(18, 4)), CAST(0.0000 AS Numeric(18, 4)), N'7', NULL, 1)
INSERT [dbo].[PRODUCT_RATEKEYFACTOR] ([ID], [PRODUCTPREMIUMRATEID], [KEYFACTORID], [FROMVALUE], [TOVALUE], [VALUE], [REFERENCENAME], [VERSION]) VALUES (N'ISPRD0010001000014748503082018', N'ISPRD00200001913425112020          ', N'ISSYS013001000000030730062015       ', CAST(17.0000 AS Numeric(18, 4)), CAST(50.0000 AS Numeric(18, 4)), NULL, NULL, 1)
INSERT [dbo].[PRODUCT_RATEKEYFACTOR] ([ID], [PRODUCTPREMIUMRATEID], [KEYFACTORID], [FROMVALUE], [TOVALUE], [VALUE], [REFERENCENAME], [VERSION]) VALUES (N'ISPRD0010001000014748513082018', N'ISPRD002000019135025112020          ', N'ISSYS0130001000000000829032013      ', CAST(0.0000 AS Numeric(18, 4)), CAST(0.0000 AS Numeric(18, 4)), N'8', NULL, 1)
INSERT [dbo].[PRODUCT_RATEKEYFACTOR] ([ID], [PRODUCTPREMIUMRATEID], [KEYFACTORID], [FROMVALUE], [TOVALUE], [VALUE], [REFERENCENAME], [VERSION]) VALUES (N'ISPRD0010001000014748523082018', N'ISPRD002000019135025112020          ', N'ISSYS013001000000030730062015       ', CAST(17.0000 AS Numeric(18, 4)), CAST(50.0000 AS Numeric(18, 4)), NULL, NULL, 1)
INSERT [dbo].[PRODUCT_RATEKEYFACTOR] ([ID], [PRODUCTPREMIUMRATEID], [KEYFACTORID], [FROMVALUE], [TOVALUE], [VALUE], [REFERENCENAME], [VERSION]) VALUES (N'ISPRD0010001000014748533082018', N'ISPRD002000019136125112020          ', N'ISSYS0130001000000000829032013      ', CAST(0.0000 AS Numeric(18, 4)), CAST(0.0000 AS Numeric(18, 4)), N'9', NULL, 1)
INSERT [dbo].[PRODUCT_RATEKEYFACTOR] ([ID], [PRODUCTPREMIUMRATEID], [KEYFACTORID], [FROMVALUE], [TOVALUE], [VALUE], [REFERENCENAME], [VERSION]) VALUES (N'ISPRD0010001000014748543082018', N'ISPRD002000019136125112020          ', N'ISSYS013001000000030730062015       ', CAST(17.0000 AS Numeric(18, 4)), CAST(50.0000 AS Numeric(18, 4)), NULL, NULL, 1)
INSERT [dbo].[PRODUCT_RATEKEYFACTOR] ([ID], [PRODUCTPREMIUMRATEID], [KEYFACTORID], [FROMVALUE], [TOVALUE], [VALUE], [REFERENCENAME], [VERSION]) VALUES (N'ISPRD0010001000014748553082018', N'ISPRD002000019137225112020          ', N'ISSYS0130001000000000829032013      ', CAST(0.0000 AS Numeric(18, 4)), CAST(0.0000 AS Numeric(18, 4)), N'10', NULL, 1)
INSERT [dbo].[PRODUCT_RATEKEYFACTOR] ([ID], [PRODUCTPREMIUMRATEID], [KEYFACTORID], [FROMVALUE], [TOVALUE], [VALUE], [REFERENCENAME], [VERSION]) VALUES (N'ISPRD0010001000014748563082018', N'ISPRD002000019137225112020          ', N'ISSYS013001000000030730062015       ', CAST(17.0000 AS Numeric(18, 4)), CAST(50.0000 AS Numeric(18, 4)), NULL, NULL, 1)
INSERT [dbo].[PRODUCT_RATEKEYFACTOR] ([ID], [PRODUCTPREMIUMRATEID], [KEYFACTORID], [FROMVALUE], [TOVALUE], [VALUE], [REFERENCENAME], [VERSION]) VALUES (N'ISPRD0010001000014748573082018', N'ISPRD00200001913825112020          ', N'ISSYS0130001000000000829032013      ', CAST(0.0000 AS Numeric(18, 4)), CAST(0.0000 AS Numeric(18, 4)), N'11', NULL, 1)
INSERT [dbo].[PRODUCT_RATEKEYFACTOR] ([ID], [PRODUCTPREMIUMRATEID], [KEYFACTORID], [FROMVALUE], [TOVALUE], [VALUE], [REFERENCENAME], [VERSION]) VALUES (N'ISPRD0010001000014748583082018', N'ISPRD00200001913825112020          ', N'ISSYS013001000000030730062015       ', CAST(17.0000 AS Numeric(18, 4)), CAST(50.0000 AS Numeric(18, 4)), NULL, NULL, 1)
INSERT [dbo].[PRODUCT_RATEKEYFACTOR] ([ID], [PRODUCTPREMIUMRATEID], [KEYFACTORID], [FROMVALUE], [TOVALUE], [VALUE], [REFERENCENAME], [VERSION]) VALUES (N'ISPRD0010001000014748593082018', N'ISPRD00200001913925112020          ', N'ISSYS0130001000000000829032013      ', CAST(0.0000 AS Numeric(18, 4)), CAST(0.0000 AS Numeric(18, 4)), N'12', NULL, 1)
INSERT [dbo].[PRODUCT_RATEKEYFACTOR] ([ID], [PRODUCTPREMIUMRATEID], [KEYFACTORID], [FROMVALUE], [TOVALUE], [VALUE], [REFERENCENAME], [VERSION]) VALUES (N'ISPRD0010001000014748603082018', N'ISPRD00200001913925112020          ', N'ISSYS013001000000030730062015       ', CAST(17.0000 AS Numeric(18, 4)), CAST(50.0000 AS Numeric(18, 4)), NULL, NULL, 1)
INSERT [dbo].[PRODUCT_RATEKEYFACTOR] ([ID], [PRODUCTPREMIUMRATEID], [KEYFACTORID], [FROMVALUE], [TOVALUE], [VALUE], [REFERENCENAME], [VERSION]) VALUES (N'ISPRD0010001000014748613082018', N'ISPRD00200001914025112020          ', N'ISSYS0130001000000000829032013      ', CAST(0.0000 AS Numeric(18, 4)), CAST(0.0000 AS Numeric(18, 4)), N'1', NULL, 1)
INSERT [dbo].[PRODUCT_RATEKEYFACTOR] ([ID], [PRODUCTPREMIUMRATEID], [KEYFACTORID], [FROMVALUE], [TOVALUE], [VALUE], [REFERENCENAME], [VERSION]) VALUES (N'ISPRD0010001000014748623082018', N'ISPRD00200001914025112020          ', N'ISSYS013001000000030730062015       ', CAST(51.0000 AS Numeric(18, 4)), CAST(60.0000 AS Numeric(18, 4)), NULL, NULL, 1)
INSERT [dbo].[PRODUCT_RATEKEYFACTOR] ([ID], [PRODUCTPREMIUMRATEID], [KEYFACTORID], [FROMVALUE], [TOVALUE], [VALUE], [REFERENCENAME], [VERSION]) VALUES (N'ISPRD0010001000014748633082018', N'ISPRD00200001914125112020          ', N'ISSYS0130001000000000829032013      ', CAST(0.0000 AS Numeric(18, 4)), CAST(0.0000 AS Numeric(18, 4)), N'1', NULL, 1)
INSERT [dbo].[PRODUCT_RATEKEYFACTOR] ([ID], [PRODUCTPREMIUMRATEID], [KEYFACTORID], [FROMVALUE], [TOVALUE], [VALUE], [REFERENCENAME], [VERSION]) VALUES (N'ISPRD0010001000014748643082018', N'ISPRD00200001914125112020          ', N'ISSYS013001000000030730062015       ', CAST(51.0000 AS Numeric(18, 4)), CAST(60.0000 AS Numeric(18, 4)), NULL, NULL, 1)
INSERT [dbo].[PRODUCT_RATEKEYFACTOR] ([ID], [PRODUCTPREMIUMRATEID], [KEYFACTORID], [FROMVALUE], [TOVALUE], [VALUE], [REFERENCENAME], [VERSION]) VALUES (N'ISPRD0010001000014748653082018', N'ISPRD00200001914225112020          ', N'ISSYS0130001000000000829032013      ', CAST(0.0000 AS Numeric(18, 4)), CAST(0.0000 AS Numeric(18, 4)), N'1', NULL, 1)
INSERT [dbo].[PRODUCT_RATEKEYFACTOR] ([ID], [PRODUCTPREMIUMRATEID], [KEYFACTORID], [FROMVALUE], [TOVALUE], [VALUE], [REFERENCENAME], [VERSION]) VALUES (N'ISPRD0010001000014748663082018', N'ISPRD00200001914225112020          ', N'ISSYS013001000000030730062015       ', CAST(51.0000 AS Numeric(18, 4)), CAST(60.0000 AS Numeric(18, 4)), NULL, NULL, 1)
INSERT [dbo].[PRODUCT_RATEKEYFACTOR] ([ID], [PRODUCTPREMIUMRATEID], [KEYFACTORID], [FROMVALUE], [TOVALUE], [VALUE], [REFERENCENAME], [VERSION]) VALUES (N'ISPRD0010001000014748673082018', N'ISPRD00200001914325112020          ', N'ISSYS0130001000000000829032013      ', CAST(0.0000 AS Numeric(18, 4)), CAST(0.0000 AS Numeric(18, 4)), N'1', NULL, 1)
INSERT [dbo].[PRODUCT_RATEKEYFACTOR] ([ID], [PRODUCTPREMIUMRATEID], [KEYFACTORID], [FROMVALUE], [TOVALUE], [VALUE], [REFERENCENAME], [VERSION]) VALUES (N'ISPRD0010001000014748683082018', N'ISPRD00200001914325112020          ', N'ISSYS013001000000030730062015       ', CAST(51.0000 AS Numeric(18, 4)), CAST(60.0000 AS Numeric(18, 4)), NULL, NULL, 1)
INSERT [dbo].[PRODUCT_RATEKEYFACTOR] ([ID], [PRODUCTPREMIUMRATEID], [KEYFACTORID], [FROMVALUE], [TOVALUE], [VALUE], [REFERENCENAME], [VERSION]) VALUES (N'ISPRD0010001000014748693082018', N'ISPRD00200001914425112020          ', N'ISSYS0130001000000000829032013      ', CAST(0.0000 AS Numeric(18, 4)), CAST(0.0000 AS Numeric(18, 4)), N'1', NULL, 1)
INSERT [dbo].[PRODUCT_RATEKEYFACTOR] ([ID], [PRODUCTPREMIUMRATEID], [KEYFACTORID], [FROMVALUE], [TOVALUE], [VALUE], [REFERENCENAME], [VERSION]) VALUES (N'ISPRD0010001000014748703082018', N'ISPRD00200001914425112020          ', N'ISSYS013001000000030730062015       ', CAST(51.0000 AS Numeric(18, 4)), CAST(60.0000 AS Numeric(18, 4)), NULL, NULL, 1)
INSERT [dbo].[PRODUCT_RATEKEYFACTOR] ([ID], [PRODUCTPREMIUMRATEID], [KEYFACTORID], [FROMVALUE], [TOVALUE], [VALUE], [REFERENCENAME], [VERSION]) VALUES (N'ISPRD0010001000014748713082018', N'ISPRD00200001914525112020          ', N'ISSYS0130001000000000829032013      ', CAST(0.0000 AS Numeric(18, 4)), CAST(0.0000 AS Numeric(18, 4)), N'1', NULL, 1)
INSERT [dbo].[PRODUCT_RATEKEYFACTOR] ([ID], [PRODUCTPREMIUMRATEID], [KEYFACTORID], [FROMVALUE], [TOVALUE], [VALUE], [REFERENCENAME], [VERSION]) VALUES (N'ISPRD0010001000014748723082018', N'ISPRD00200001914525112020          ', N'ISSYS013001000000030730062015       ', CAST(51.0000 AS Numeric(18, 4)), CAST(60.0000 AS Numeric(18, 4)), NULL, NULL, 1)
INSERT [dbo].[PRODUCT_RATEKEYFACTOR] ([ID], [PRODUCTPREMIUMRATEID], [KEYFACTORID], [FROMVALUE], [TOVALUE], [VALUE], [REFERENCENAME], [VERSION]) VALUES (N'ISPRD0010001000014748733082018', N'ISPRD00200001914625112020          ', N'ISSYS0130001000000000829032013      ', CAST(0.0000 AS Numeric(18, 4)), CAST(0.0000 AS Numeric(18, 4)), N'1', NULL, 1)
INSERT [dbo].[PRODUCT_RATEKEYFACTOR] ([ID], [PRODUCTPREMIUMRATEID], [KEYFACTORID], [FROMVALUE], [TOVALUE], [VALUE], [REFERENCENAME], [VERSION]) VALUES (N'ISPRD0010001000014748743082018', N'ISPRD00200001914625112020          ', N'ISSYS013001000000030730062015       ', CAST(51.0000 AS Numeric(18, 4)), CAST(60.0000 AS Numeric(18, 4)), NULL, NULL, 1)
INSERT [dbo].[PRODUCT_RATEKEYFACTOR] ([ID], [PRODUCTPREMIUMRATEID], [KEYFACTORID], [FROMVALUE], [TOVALUE], [VALUE], [REFERENCENAME], [VERSION]) VALUES (N'ISPRD0010001000014748753082018', N'ISPRD00200001914725112020          ', N'ISSYS0130001000000000829032013      ', CAST(0.0000 AS Numeric(18, 4)), CAST(0.0000 AS Numeric(18, 4)), N'1', NULL, 1)
INSERT [dbo].[PRODUCT_RATEKEYFACTOR] ([ID], [PRODUCTPREMIUMRATEID], [KEYFACTORID], [FROMVALUE], [TOVALUE], [VALUE], [REFERENCENAME], [VERSION]) VALUES (N'ISPRD0010001000014748763082018', N'ISPRD00200001914725112020          ', N'ISSYS013001000000030730062015       ', CAST(51.0000 AS Numeric(18, 4)), CAST(60.0000 AS Numeric(18, 4)), NULL, NULL, 1)
INSERT [dbo].[PRODUCT_RATEKEYFACTOR] ([ID], [PRODUCTPREMIUMRATEID], [KEYFACTORID], [FROMVALUE], [TOVALUE], [VALUE], [REFERENCENAME], [VERSION]) VALUES (N'ISPRD0010001000014748773082018', N'ISPRD00200001914825112020          ', N'ISSYS0130001000000000829032013      ', CAST(0.0000 AS Numeric(18, 4)), CAST(0.0000 AS Numeric(18, 4)), N'1', NULL, 1)
INSERT [dbo].[PRODUCT_RATEKEYFACTOR] ([ID], [PRODUCTPREMIUMRATEID], [KEYFACTORID], [FROMVALUE], [TOVALUE], [VALUE], [REFERENCENAME], [VERSION]) VALUES (N'ISPRD0010001000014748783082018', N'ISPRD00200001914825112020          ', N'ISSYS013001000000030730062015       ', CAST(51.0000 AS Numeric(18, 4)), CAST(60.0000 AS Numeric(18, 4)), NULL, NULL, 1)
INSERT [dbo].[PRODUCT_RATEKEYFACTOR] ([ID], [PRODUCTPREMIUMRATEID], [KEYFACTORID], [FROMVALUE], [TOVALUE], [VALUE], [REFERENCENAME], [VERSION]) VALUES (N'ISPRD0010001000014748793082018', N'ISPRD00200001914925112020          ', N'ISSYS0130001000000000829032013      ', CAST(0.0000 AS Numeric(18, 4)), CAST(0.0000 AS Numeric(18, 4)), N'1', NULL, 1)
INSERT [dbo].[PRODUCT_RATEKEYFACTOR] ([ID], [PRODUCTPREMIUMRATEID], [KEYFACTORID], [FROMVALUE], [TOVALUE], [VALUE], [REFERENCENAME], [VERSION]) VALUES (N'ISPRD0010001000014748803082018', N'ISPRD00200001914925112020          ', N'ISSYS013001000000030730062015       ', CAST(51.0000 AS Numeric(18, 4)), CAST(60.0000 AS Numeric(18, 4)), NULL, NULL, 1)

/* CUSTOM_ID_GEN*/
INSERT [dbo].[CUSTOM_ID_GEN] ([ID], [GENERATEITEM], [MAXVALUE], [PREFIX], [SUFFIX], [DESCRIPTION], [LENGTH], [ISDATEBASED], [CREATEDUSERID], [CREATEDDATE], [UPDATEDUSERID], [UPDATEDDATE], [VERSION], [BRANCHID]) VALUES (N'CUSID2192', N'SIMPLE_LIFE_PROPOSAL_NO', CAST(22 AS Numeric(18, 0)), N'S', NULL, NULL, CAST(10 AS Numeric(3, 0)), 1, N'INUSR0010001000000000129032013      ', NULL, NULL, NULL, 22, NULL)
INSERT [dbo].[CUSTOM_ID_GEN] ([ID], [GENERATEITEM], [MAXVALUE], [PREFIX], [SUFFIX], [DESCRIPTION], [LENGTH], [ISDATEBASED], [CREATEDUSERID], [CREATEDDATE], [UPDATEDUSERID], [UPDATEDDATE], [VERSION], [BRANCHID]) VALUES (N'CUSID2193', N'SIMPLE_LIFE_POLICY_NO', CAST(36 AS Numeric(18, 0)), N'SP', NULL, NULL, CAST(10 AS Numeric(3, 0)), 1, N'INUSR0010001000000000129032013      ', NULL, NULL, NULL, 36, NULL)

/* coa setup for Simple  Life ****  */ 
INSERT [COASETUP] ([ID], [ACNAME], [CCOAID], [BRANCHID], [CURRENCYID], [DEPARTMENTID], [VERSION], [CREATEDDATE], [CREATEDUSERID], [UPDATEDDATE], [UPDATEDUSERID]) VALUES (N'GGLICOASETUP00000471', N'SIMPLE_LIFE_INSURANCE_PREMIUM', N'GGLICCOA00000557                    ', N'BANCH00000000000000129032018        ', N'ISSYS0210001000000000129032013      ', NULL, NULL, NULL, NULL, NULL, NULL)
INSERT [COASETUP] ([ID], [ACNAME], [CCOAID], [BRANCHID], [CURRENCYID], [DEPARTMENTID], [VERSION], [CREATEDDATE], [CREATEDUSERID], [UPDATEDDATE], [UPDATEDUSERID]) VALUES (N'GGLICOASETUP00000472', N'SIMPLE_LIFE_INSURANCE_AGENT_COMMISSION', N'GGLICCOA00000558                    ', N'BANCH00000000000000129032018        ', N'ISSYS0210001000000000129032013      ', NULL, NULL, NULL, NULL, NULL, NULL)
INSERT [COASETUP] ([ID], [ACNAME], [CCOAID], [BRANCHID], [CURRENCYID], [DEPARTMENTID], [VERSION], [CREATEDDATE], [CREATEDUSERID], [UPDATEDDATE], [UPDATEDUSERID]) VALUES (N'GGLICOASETUP00000473', N'SIMPLE_LIFE_INSURANCE_AGENT_PAYABLE', N'GGLICCOA00000559                    ', N'BANCH00000000000000129032018        ', N'ISSYS0210001000000000129032013      ', NULL, NULL, NULL, NULL, NULL, NULL)
INSERT [COASETUP] ([ID], [ACNAME], [CCOAID], [BRANCHID], [CURRENCYID], [DEPARTMENTID], [VERSION], [CREATEDDATE], [CREATEDUSERID], [UPDATEDDATE], [UPDATEDUSERID]) VALUES (N'GGLICOASETUP00000474', N'SIMPLE_LIFE_INSURANCE_PAYMENT_ORDER', N'GGLICCOA00000560                    ', N'BANCH00000000000000129032018        ', N'ISSYS0210001000000000129032013      ', NULL, NULL, NULL, NULL, NULL, NULL)
INSERT [COASETUP] ([ID], [ACNAME], [CCOAID], [BRANCHID], [CURRENCYID], [DEPARTMENTID], [VERSION], [CREATEDDATE], [CREATEDUSERID], [UPDATEDDATE], [UPDATEDUSERID]) VALUES (N'GGLICOASETUP00000475', N'SIMPLE_LIFE_INSURANCE_SUNDRY', N'GGLICCOA00000561                    ', N'BANCH00000000000000129032018        ', N'ISSYS0210001000000000129032013      ', NULL, NULL, NULL, NULL, NULL, NULL)

INSERT [COA] ([ID], [ACCODE], [ACCODETYPE], [ACNAME], [ACTYPE], [GROUPID], [HEADID], [IBSBACODE], [PDATE], [VERSION], [CREATEDDATE], [CREATEDUSERID], [UPDATEDDATE], [UPDATEDUSERID]) VALUES (N'GGLICOA00000447', N'IAV001', N'DETAIL', N'Simple Life Insurance Pre; Income', N'I', NULL, NULL, N'', CAST(N'2019-03-31 13:29:43.597' AS DateTime), 1, CAST(N'2020-08-09 10:33:04.920' AS DateTime), N'INUSR0010001000000000129032013      ', NULL, NULL)
INSERT [COA] ([ID], [ACCODE], [ACCODETYPE], [ACNAME], [ACTYPE], [GROUPID], [HEADID], [IBSBACODE], [PDATE], [VERSION], [CREATEDDATE], [CREATEDUSERID], [UPDATEDDATE], [UPDATEDUSERID]) VALUES (N'GGLICOA00000448', N'EEE015  ', N'DETAIL', N'Agent Commission Payment (Simple Life Insurance)', N'E', NULL, NULL, N'', CAST(N'2019-03-31 13:29:43.597' AS DateTime), 1, CAST(N'2020-08-09 10:33:04.920' AS DateTime), N'INUSR0010001000000000129032013      ', NULL, NULL)
INSERT [COA] ([ID], [ACCODE], [ACCODETYPE], [ACNAME], [ACTYPE], [GROUPID], [HEADID], [IBSBACODE], [PDATE], [VERSION], [CREATEDDATE], [CREATEDUSERID], [UPDATEDDATE], [UPDATEDUSERID]) VALUES (N'GGLICOA00000449', N'LPB016   ', N'DETAIL', N'Insurance Com; Payable(Simple Life Insurance)', N'L', NULL, NULL, N'', CAST(N'2019-03-31 13:29:43.597' AS DateTime), 1, CAST(N'2020-08-09 10:33:04.920' AS DateTime), N'INUSR0010001000000000129032013      ', NULL, NULL)
INSERT [COA] ([ID], [ACCODE], [ACCODETYPE], [ACNAME], [ACTYPE], [GROUPID], [HEADID], [IBSBACODE], [PDATE], [VERSION], [CREATEDDATE], [CREATEDUSERID], [UPDATEDDATE], [UPDATEDUSERID]) VALUES (N'GGLICOA00000450', N'AUK017', N'DETAIL', N'Accrued Pre; Income Receivable(Simple Life Insurance)', N'A', NULL, NULL, N'', CAST(N'2019-03-31 13:29:43.597' AS DateTime), 1, CAST(N'2020-08-09 10:33:04.920' AS DateTime), N'INUSR0010001000000000129032013      ', NULL, NULL)
INSERT [COA] ([ID], [ACCODE], [ACCODETYPE], [ACNAME], [ACTYPE], [GROUPID], [HEADID], [IBSBACODE], [PDATE], [VERSION], [CREATEDDATE], [CREATEDUSERID], [UPDATEDDATE], [UPDATEDUSERID]) VALUES (N'GGLICOA00000451', N'AUJ001', N'DETAIL', N'Receivable from GGG', N'A', NULL, NULL, N'', CAST(N'2019-03-31 13:29:43.597' AS DateTime), 1, CAST(N'2020-08-09 10:33:04.920' AS DateTime), N'INUSR0010001000000000129032013      ', NULL, NULL)


INSERT [CCOA] ([ID], [ACNAME], [COAID], [ACCRUED], [BF], [OBAL], [HOBAL], [CBAL], [M1], [M2], [M3], [M4], [M5], [M6], [M7], [M8], [M9], [M10], [M11], [M12], [M13], [MSRC1], [MSRC2], [MSRC3], [MSRC4], [MSRC5], [MSRC6], [MSRC7], [MSRC8], [MSRC9], [MSRC10], [MSRC11], [MSRC12], [MSRC13], [BF1], [BF2], [BF3], [BF4], [BF5], [BF6], [BF7], [BF8], [BF9], [BF10], [BF11], [BF12], [BF13], [BFSRC1], [BFSRC2], [BFSRC3], [BFSRC4], [BFSRC5], [BFSRC6], [BFSRC7], [BFSRC8], [BFSRC9], [BFSRC10], [BFSRC11], [BFSRC12], [BFSRC13], [MREV1], [MREV2], [MREV3], [MREV4], [MREV5], [MREV6], [MREV7], [MREV8], [MREV9], [MREV10], [MREV11], [MREV12], [MREV13], [LYMSRC1], [LYMSRC2], [LYMSRC3], [LYMSRC4], [LYMSRC5], [LYMSRC6], [LYMSRC7], [LYMSRC8], [LYMSRC9], [LYMSRC10], [LYMSRC11], [LYMSRC12], [LYMSRC13], [SCCRBAL], [BUDGET], [BRANCHID], [CURRENCYID], [DEPARTMENTID], [VERSION], [CREATEDDATE], [CREATEDUSERID], [UPDATEDDATE], [UPDATEDUSERID]) VALUES
(N'GGLICCOA00000557', N'Simple Life Insurance Pre; Income', N'GGLICOA00000447', CAST(0.0000 AS Numeric(18, 4)), CAST(0.0000 AS Numeric(18, 4)), CAST(0.0000 AS Numeric(18, 4)), CAST(0.0000 AS Numeric(18, 4)), CAST(0.0000 AS Numeric(18, 4)), CAST(0.0000 AS Numeric(18, 4)), CAST(0.0000 AS Numeric(18, 4)), CAST(0.0000 AS Numeric(18, 4)), CAST(0.0000 AS Numeric(18, 4)), CAST(0.0000 AS Numeric(18, 4)), CAST(0.0000 AS Numeric(18, 4)), CAST(0.0000 AS Numeric(18, 4)), CAST(0.0000 AS Numeric(18, 4)), CAST(0.0000 AS Numeric(18, 4)), CAST(0.0000 AS Numeric(18, 4)), CAST(0.0000 AS Numeric(18, 4)), CAST(0.0000 AS Numeric(18, 4)), CAST(0.0000 AS Numeric(18, 4)), CAST(0.0000 AS Numeric(18, 4)), CAST(0.0000 AS Numeric(18, 4)), CAST(0.0000 AS Numeric(18, 4)), CAST(0.0000 AS Numeric(18, 4)), CAST(0.0000 AS Numeric(18, 4)), CAST(0.0000 AS Numeric(18, 4)), CAST(0.0000 AS Numeric(18, 4)), CAST(0.0000 AS Numeric(18, 4)), CAST(0.0000 AS Numeric(18, 4)), CAST(0.0000 AS Numeric(18, 4)), CAST(0.0000 AS Numeric(18, 4)), CAST(0.0000 AS Numeric(18, 4)), CAST(0.0000 AS Numeric(18, 4)), CAST(0.0000 AS Numeric(18, 4)), CAST(0.0000 AS Numeric(18, 4)), CAST(0.0000 AS Numeric(18, 4)), CAST(0.0000 AS Numeric(18, 4)), CAST(0.0000 AS Numeric(18, 4)), CAST(0.0000 AS Numeric(18, 4)), CAST(0.0000 AS Numeric(18, 4)), CAST(0.0000 AS Numeric(18, 4)), CAST(0.0000 AS Numeric(18, 4)), CAST(0.0000 AS Numeric(18, 4)), CAST(0.0000 AS Numeric(18, 4)), CAST(0.0000 AS Numeric(18, 4)), CAST(0.0000 AS Numeric(18, 4)), CAST(0.0000 AS Numeric(18, 4)), CAST(0.0000 AS Numeric(18, 4)), CAST(0.0000 AS Numeric(18, 4)), CAST(0.0000 AS Numeric(18, 4)), CAST(0.0000 AS Numeric(18, 4)), CAST(0.0000 AS Numeric(18, 4)), CAST(0.0000 AS Numeric(18, 4)), CAST(0.0000 AS Numeric(18, 4)), CAST(0.0000 AS Numeric(18, 4)), CAST(0.0000 AS Numeric(18, 4)), CAST(0.0000 AS Numeric(18, 4)), CAST(0.0000 AS Numeric(18, 4)), CAST(0.0000 AS Numeric(18, 4)), CAST(0.0000 AS Numeric(18, 4)), CAST(0.0000 AS Numeric(18, 4)), CAST(0.0000 AS Numeric(18, 4)), CAST(0.0000 AS Numeric(18, 4)), CAST(0.0000 AS Numeric(18, 4)), CAST(0.0000 AS Numeric(18, 4)), CAST(0.0000 AS Numeric(18, 4)), CAST(0.0000 AS Numeric(18, 4)), CAST(0.0000 AS Numeric(18, 4)), CAST(0.0000 AS Numeric(18, 4)), CAST(0.0000 AS Numeric(18, 4)), CAST(0.0000 AS Numeric(18, 4)), CAST(0.0000 AS Numeric(18, 4)), CAST(0.0000 AS Numeric(18, 4)), CAST(0.0000 AS Numeric(18, 4)), CAST(0.0000 AS Numeric(18, 4)), CAST(0.0000 AS Numeric(18, 4)), CAST(0.0000 AS Numeric(18, 4)), CAST(0.0000 AS Numeric(18, 4)), CAST(0.0000 AS Numeric(18, 4)), CAST(0.0000 AS Numeric(18, 4)), CAST(0.0000 AS Numeric(18, 4)), CAST(0.0000 AS Numeric(18, 4)), CAST(0.0000 AS Numeric(18, 4)), CAST(0.0000 AS Numeric(18, 4)), CAST(0.0000 AS Numeric(18, 4)), CAST(0.0000 AS Numeric(18, 4)), N'2019/2020', N'ISSYS008000009620205022020          ', N'ISSYS0210001000000000129032013      ', NULL, 1, NULL, NULL, NULL, NULL),
(N'GGLICCOA00000558', N'Agent Commission Payment (Simple Life Insurance)', N'GGLICOA00000448', CAST(0.0000 AS Numeric(18, 4)), CAST(0.0000 AS Numeric(18, 4)), CAST(0.0000 AS Numeric(18, 4)), CAST(0.0000 AS Numeric(18, 4)), CAST(0.0000 AS Numeric(18, 4)), CAST(0.0000 AS Numeric(18, 4)), CAST(0.0000 AS Numeric(18, 4)), CAST(0.0000 AS Numeric(18, 4)), CAST(0.0000 AS Numeric(18, 4)), CAST(0.0000 AS Numeric(18, 4)), CAST(0.0000 AS Numeric(18, 4)), CAST(0.0000 AS Numeric(18, 4)), CAST(0.0000 AS Numeric(18, 4)), CAST(0.0000 AS Numeric(18, 4)), CAST(0.0000 AS Numeric(18, 4)), CAST(0.0000 AS Numeric(18, 4)), CAST(0.0000 AS Numeric(18, 4)), CAST(0.0000 AS Numeric(18, 4)), CAST(0.0000 AS Numeric(18, 4)), CAST(0.0000 AS Numeric(18, 4)), CAST(0.0000 AS Numeric(18, 4)), CAST(0.0000 AS Numeric(18, 4)), CAST(0.0000 AS Numeric(18, 4)), CAST(0.0000 AS Numeric(18, 4)), CAST(0.0000 AS Numeric(18, 4)), CAST(0.0000 AS Numeric(18, 4)), CAST(0.0000 AS Numeric(18, 4)), CAST(0.0000 AS Numeric(18, 4)), CAST(0.0000 AS Numeric(18, 4)), CAST(0.0000 AS Numeric(18, 4)), CAST(0.0000 AS Numeric(18, 4)), CAST(0.0000 AS Numeric(18, 4)), CAST(0.0000 AS Numeric(18, 4)), CAST(0.0000 AS Numeric(18, 4)), CAST(0.0000 AS Numeric(18, 4)), CAST(0.0000 AS Numeric(18, 4)), CAST(0.0000 AS Numeric(18, 4)), CAST(0.0000 AS Numeric(18, 4)), CAST(0.0000 AS Numeric(18, 4)), CAST(0.0000 AS Numeric(18, 4)), CAST(0.0000 AS Numeric(18, 4)), CAST(0.0000 AS Numeric(18, 4)), CAST(0.0000 AS Numeric(18, 4)), CAST(0.0000 AS Numeric(18, 4)), CAST(0.0000 AS Numeric(18, 4)), CAST(0.0000 AS Numeric(18, 4)), CAST(0.0000 AS Numeric(18, 4)), CAST(0.0000 AS Numeric(18, 4)), CAST(0.0000 AS Numeric(18, 4)), CAST(0.0000 AS Numeric(18, 4)), CAST(0.0000 AS Numeric(18, 4)), CAST(0.0000 AS Numeric(18, 4)), CAST(0.0000 AS Numeric(18, 4)), CAST(0.0000 AS Numeric(18, 4)), CAST(0.0000 AS Numeric(18, 4)), CAST(0.0000 AS Numeric(18, 4)), CAST(0.0000 AS Numeric(18, 4)), CAST(0.0000 AS Numeric(18, 4)), CAST(0.0000 AS Numeric(18, 4)), CAST(0.0000 AS Numeric(18, 4)), CAST(0.0000 AS Numeric(18, 4)), CAST(0.0000 AS Numeric(18, 4)), CAST(0.0000 AS Numeric(18, 4)), CAST(0.0000 AS Numeric(18, 4)), CAST(0.0000 AS Numeric(18, 4)), CAST(0.0000 AS Numeric(18, 4)), CAST(0.0000 AS Numeric(18, 4)), CAST(0.0000 AS Numeric(18, 4)), CAST(0.0000 AS Numeric(18, 4)), CAST(0.0000 AS Numeric(18, 4)), CAST(0.0000 AS Numeric(18, 4)), CAST(0.0000 AS Numeric(18, 4)), CAST(0.0000 AS Numeric(18, 4)), CAST(0.0000 AS Numeric(18, 4)), CAST(0.0000 AS Numeric(18, 4)), CAST(0.0000 AS Numeric(18, 4)), CAST(0.0000 AS Numeric(18, 4)), CAST(0.0000 AS Numeric(18, 4)), CAST(0.0000 AS Numeric(18, 4)), CAST(0.0000 AS Numeric(18, 4)), CAST(0.0000 AS Numeric(18, 4)), CAST(0.0000 AS Numeric(18, 4)), CAST(0.0000 AS Numeric(18, 4)), CAST(0.0000 AS Numeric(18, 4)), N'2019/2020', N'ISSYS008000009620205022020          ', N'ISSYS0210001000000000129032013      ', NULL, 1, NULL, NULL, NULL, NULL),
(N'GGLICCOA00000559', N'Insurance Com; Payable(Simple Life Insurance)', N'GGLICOA00000449', CAST(0.0000 AS Numeric(18, 4)), CAST(0.0000 AS Numeric(18, 4)), CAST(0.0000 AS Numeric(18, 4)), CAST(0.0000 AS Numeric(18, 4)), CAST(0.0000 AS Numeric(18, 4)), CAST(0.0000 AS Numeric(18, 4)), CAST(0.0000 AS Numeric(18, 4)), CAST(0.0000 AS Numeric(18, 4)), CAST(0.0000 AS Numeric(18, 4)), CAST(0.0000 AS Numeric(18, 4)), CAST(0.0000 AS Numeric(18, 4)), CAST(0.0000 AS Numeric(18, 4)), CAST(0.0000 AS Numeric(18, 4)), CAST(0.0000 AS Numeric(18, 4)), CAST(0.0000 AS Numeric(18, 4)), CAST(0.0000 AS Numeric(18, 4)), CAST(0.0000 AS Numeric(18, 4)), CAST(0.0000 AS Numeric(18, 4)), CAST(0.0000 AS Numeric(18, 4)), CAST(0.0000 AS Numeric(18, 4)), CAST(0.0000 AS Numeric(18, 4)), CAST(0.0000 AS Numeric(18, 4)), CAST(0.0000 AS Numeric(18, 4)), CAST(0.0000 AS Numeric(18, 4)), CAST(0.0000 AS Numeric(18, 4)), CAST(0.0000 AS Numeric(18, 4)), CAST(0.0000 AS Numeric(18, 4)), CAST(0.0000 AS Numeric(18, 4)), CAST(0.0000 AS Numeric(18, 4)), CAST(0.0000 AS Numeric(18, 4)), CAST(0.0000 AS Numeric(18, 4)), CAST(0.0000 AS Numeric(18, 4)), CAST(0.0000 AS Numeric(18, 4)), CAST(0.0000 AS Numeric(18, 4)), CAST(0.0000 AS Numeric(18, 4)), CAST(0.0000 AS Numeric(18, 4)), CAST(0.0000 AS Numeric(18, 4)), CAST(0.0000 AS Numeric(18, 4)), CAST(0.0000 AS Numeric(18, 4)), CAST(0.0000 AS Numeric(18, 4)), CAST(0.0000 AS Numeric(18, 4)), CAST(0.0000 AS Numeric(18, 4)), CAST(0.0000 AS Numeric(18, 4)), CAST(0.0000 AS Numeric(18, 4)), CAST(0.0000 AS Numeric(18, 4)), CAST(0.0000 AS Numeric(18, 4)), CAST(0.0000 AS Numeric(18, 4)), CAST(0.0000 AS Numeric(18, 4)), CAST(0.0000 AS Numeric(18, 4)), CAST(0.0000 AS Numeric(18, 4)), CAST(0.0000 AS Numeric(18, 4)), CAST(0.0000 AS Numeric(18, 4)), CAST(0.0000 AS Numeric(18, 4)), CAST(0.0000 AS Numeric(18, 4)), CAST(0.0000 AS Numeric(18, 4)), CAST(0.0000 AS Numeric(18, 4)), CAST(0.0000 AS Numeric(18, 4)), CAST(0.0000 AS Numeric(18, 4)), CAST(0.0000 AS Numeric(18, 4)), CAST(0.0000 AS Numeric(18, 4)), CAST(0.0000 AS Numeric(18, 4)), CAST(0.0000 AS Numeric(18, 4)), CAST(0.0000 AS Numeric(18, 4)), CAST(0.0000 AS Numeric(18, 4)), CAST(0.0000 AS Numeric(18, 4)), CAST(0.0000 AS Numeric(18, 4)), CAST(0.0000 AS Numeric(18, 4)), CAST(0.0000 AS Numeric(18, 4)), CAST(0.0000 AS Numeric(18, 4)), CAST(0.0000 AS Numeric(18, 4)), CAST(0.0000 AS Numeric(18, 4)), CAST(0.0000 AS Numeric(18, 4)), CAST(0.0000 AS Numeric(18, 4)), CAST(0.0000 AS Numeric(18, 4)), CAST(0.0000 AS Numeric(18, 4)), CAST(0.0000 AS Numeric(18, 4)), CAST(0.0000 AS Numeric(18, 4)), CAST(0.0000 AS Numeric(18, 4)), CAST(0.0000 AS Numeric(18, 4)), CAST(0.0000 AS Numeric(18, 4)), CAST(0.0000 AS Numeric(18, 4)), CAST(0.0000 AS Numeric(18, 4)), CAST(0.0000 AS Numeric(18, 4)), CAST(0.0000 AS Numeric(18, 4)), N'2019/2020', N'ISSYS008000009620205022020          ', N'ISSYS0210001000000000129032013      ', NULL, 1, NULL, NULL, NULL, NULL),
(N'GGLICCOA00000560', N'Accrued Pre; Income Receivable(Simple Life Insurance)', N'GGLICOA00000450', CAST(0.0000 AS Numeric(18, 4)), CAST(0.0000 AS Numeric(18, 4)), CAST(0.0000 AS Numeric(18, 4)), CAST(0.0000 AS Numeric(18, 4)), CAST(0.0000 AS Numeric(18, 4)), CAST(0.0000 AS Numeric(18, 4)), CAST(0.0000 AS Numeric(18, 4)), CAST(0.0000 AS Numeric(18, 4)), CAST(0.0000 AS Numeric(18, 4)), CAST(0.0000 AS Numeric(18, 4)), CAST(0.0000 AS Numeric(18, 4)), CAST(0.0000 AS Numeric(18, 4)), CAST(0.0000 AS Numeric(18, 4)), CAST(0.0000 AS Numeric(18, 4)), CAST(0.0000 AS Numeric(18, 4)), CAST(0.0000 AS Numeric(18, 4)), CAST(0.0000 AS Numeric(18, 4)), CAST(0.0000 AS Numeric(18, 4)), CAST(0.0000 AS Numeric(18, 4)), CAST(0.0000 AS Numeric(18, 4)), CAST(0.0000 AS Numeric(18, 4)), CAST(0.0000 AS Numeric(18, 4)), CAST(0.0000 AS Numeric(18, 4)), CAST(0.0000 AS Numeric(18, 4)), CAST(0.0000 AS Numeric(18, 4)), CAST(0.0000 AS Numeric(18, 4)), CAST(0.0000 AS Numeric(18, 4)), CAST(0.0000 AS Numeric(18, 4)), CAST(0.0000 AS Numeric(18, 4)), CAST(0.0000 AS Numeric(18, 4)), CAST(0.0000 AS Numeric(18, 4)), CAST(0.0000 AS Numeric(18, 4)), CAST(0.0000 AS Numeric(18, 4)), CAST(0.0000 AS Numeric(18, 4)), CAST(0.0000 AS Numeric(18, 4)), CAST(0.0000 AS Numeric(18, 4)), CAST(0.0000 AS Numeric(18, 4)), CAST(0.0000 AS Numeric(18, 4)), CAST(0.0000 AS Numeric(18, 4)), CAST(0.0000 AS Numeric(18, 4)), CAST(0.0000 AS Numeric(18, 4)), CAST(0.0000 AS Numeric(18, 4)), CAST(0.0000 AS Numeric(18, 4)), CAST(0.0000 AS Numeric(18, 4)), CAST(0.0000 AS Numeric(18, 4)), CAST(0.0000 AS Numeric(18, 4)), CAST(0.0000 AS Numeric(18, 4)), CAST(0.0000 AS Numeric(18, 4)), CAST(0.0000 AS Numeric(18, 4)), CAST(0.0000 AS Numeric(18, 4)), CAST(0.0000 AS Numeric(18, 4)), CAST(0.0000 AS Numeric(18, 4)), CAST(0.0000 AS Numeric(18, 4)), CAST(0.0000 AS Numeric(18, 4)), CAST(0.0000 AS Numeric(18, 4)), CAST(0.0000 AS Numeric(18, 4)), CAST(0.0000 AS Numeric(18, 4)), CAST(0.0000 AS Numeric(18, 4)), CAST(0.0000 AS Numeric(18, 4)), CAST(0.0000 AS Numeric(18, 4)), CAST(0.0000 AS Numeric(18, 4)), CAST(0.0000 AS Numeric(18, 4)), CAST(0.0000 AS Numeric(18, 4)), CAST(0.0000 AS Numeric(18, 4)), CAST(0.0000 AS Numeric(18, 4)), CAST(0.0000 AS Numeric(18, 4)), CAST(0.0000 AS Numeric(18, 4)), CAST(0.0000 AS Numeric(18, 4)), CAST(0.0000 AS Numeric(18, 4)), CAST(0.0000 AS Numeric(18, 4)), CAST(0.0000 AS Numeric(18, 4)), CAST(0.0000 AS Numeric(18, 4)), CAST(0.0000 AS Numeric(18, 4)), CAST(0.0000 AS Numeric(18, 4)), CAST(0.0000 AS Numeric(18, 4)), CAST(0.0000 AS Numeric(18, 4)), CAST(0.0000 AS Numeric(18, 4)), CAST(0.0000 AS Numeric(18, 4)), CAST(0.0000 AS Numeric(18, 4)), CAST(0.0000 AS Numeric(18, 4)), CAST(0.0000 AS Numeric(18, 4)), CAST(0.0000 AS Numeric(18, 4)), CAST(0.0000 AS Numeric(18, 4)), CAST(0.0000 AS Numeric(18, 4)), N'2019/2020', N'ISSYS008000009620205022020          ', N'ISSYS0210001000000000129032013      ', NULL, 1, NULL, NULL, NULL, NULL),
(N'GGLICCOA00000561', N'Receivable from GGG', N'GGLICOA00000451', CAST(0.0000 AS Numeric(18, 4)), CAST(0.0000 AS Numeric(18, 4)), CAST(0.0000 AS Numeric(18, 4)), CAST(0.0000 AS Numeric(18, 4)), CAST(0.0000 AS Numeric(18, 4)), CAST(0.0000 AS Numeric(18, 4)), CAST(0.0000 AS Numeric(18, 4)), CAST(0.0000 AS Numeric(18, 4)), CAST(0.0000 AS Numeric(18, 4)), CAST(0.0000 AS Numeric(18, 4)), CAST(0.0000 AS Numeric(18, 4)), CAST(0.0000 AS Numeric(18, 4)), CAST(0.0000 AS Numeric(18, 4)), CAST(0.0000 AS Numeric(18, 4)), CAST(0.0000 AS Numeric(18, 4)), CAST(0.0000 AS Numeric(18, 4)), CAST(0.0000 AS Numeric(18, 4)), CAST(0.0000 AS Numeric(18, 4)), CAST(0.0000 AS Numeric(18, 4)), CAST(0.0000 AS Numeric(18, 4)), CAST(0.0000 AS Numeric(18, 4)), CAST(0.0000 AS Numeric(18, 4)), CAST(0.0000 AS Numeric(18, 4)), CAST(0.0000 AS Numeric(18, 4)), CAST(0.0000 AS Numeric(18, 4)), CAST(0.0000 AS Numeric(18, 4)), CAST(0.0000 AS Numeric(18, 4)), CAST(0.0000 AS Numeric(18, 4)), CAST(0.0000 AS Numeric(18, 4)), CAST(0.0000 AS Numeric(18, 4)), CAST(0.0000 AS Numeric(18, 4)), CAST(0.0000 AS Numeric(18, 4)), CAST(0.0000 AS Numeric(18, 4)), CAST(0.0000 AS Numeric(18, 4)), CAST(0.0000 AS Numeric(18, 4)), CAST(0.0000 AS Numeric(18, 4)), CAST(0.0000 AS Numeric(18, 4)), CAST(0.0000 AS Numeric(18, 4)), CAST(0.0000 AS Numeric(18, 4)), CAST(0.0000 AS Numeric(18, 4)), CAST(0.0000 AS Numeric(18, 4)), CAST(0.0000 AS Numeric(18, 4)), CAST(0.0000 AS Numeric(18, 4)), CAST(0.0000 AS Numeric(18, 4)), CAST(0.0000 AS Numeric(18, 4)), CAST(0.0000 AS Numeric(18, 4)), CAST(0.0000 AS Numeric(18, 4)), CAST(0.0000 AS Numeric(18, 4)), CAST(0.0000 AS Numeric(18, 4)), CAST(0.0000 AS Numeric(18, 4)), CAST(0.0000 AS Numeric(18, 4)), CAST(0.0000 AS Numeric(18, 4)), CAST(0.0000 AS Numeric(18, 4)), CAST(0.0000 AS Numeric(18, 4)), CAST(0.0000 AS Numeric(18, 4)), CAST(0.0000 AS Numeric(18, 4)), CAST(0.0000 AS Numeric(18, 4)), CAST(0.0000 AS Numeric(18, 4)), CAST(0.0000 AS Numeric(18, 4)), CAST(0.0000 AS Numeric(18, 4)), CAST(0.0000 AS Numeric(18, 4)), CAST(0.0000 AS Numeric(18, 4)), CAST(0.0000 AS Numeric(18, 4)), CAST(0.0000 AS Numeric(18, 4)), CAST(0.0000 AS Numeric(18, 4)), CAST(0.0000 AS Numeric(18, 4)), CAST(0.0000 AS Numeric(18, 4)), CAST(0.0000 AS Numeric(18, 4)), CAST(0.0000 AS Numeric(18, 4)), CAST(0.0000 AS Numeric(18, 4)), CAST(0.0000 AS Numeric(18, 4)), CAST(0.0000 AS Numeric(18, 4)), CAST(0.0000 AS Numeric(18, 4)), CAST(0.0000 AS Numeric(18, 4)), CAST(0.0000 AS Numeric(18, 4)), CAST(0.0000 AS Numeric(18, 4)), CAST(0.0000 AS Numeric(18, 4)), CAST(0.0000 AS Numeric(18, 4)), CAST(0.0000 AS Numeric(18, 4)), CAST(0.0000 AS Numeric(18, 4)), CAST(0.0000 AS Numeric(18, 4)), CAST(0.0000 AS Numeric(18, 4)), CAST(0.0000 AS Numeric(18, 4)), CAST(0.0000 AS Numeric(18, 4)), N'2019/2020', N'ISSYS008000009620205022020          ', N'ISSYS0210001000000000129032013      ', NULL, 1, NULL, NULL, NULL, NULL);


INSERT [CCOA] ([ID], [ACNAME], [COAID], [ACCRUED], [BF], [OBAL], [HOBAL], [CBAL], [M1], [M2], [M3], [M4], [M5], [M6], [M7], [M8], [M9], [M10], [M11], [M12], [M13], [MSRC1], [MSRC2], [MSRC3], [MSRC4], [MSRC5], [MSRC6], [MSRC7], [MSRC8], [MSRC9], [MSRC10], [MSRC11], [MSRC12], [MSRC13], [BF1], [BF2], [BF3], [BF4], [BF5], [BF6], [BF7], [BF8], [BF9], [BF10], [BF11], [BF12], [BF13], [BFSRC1], [BFSRC2], [BFSRC3], [BFSRC4], [BFSRC5], [BFSRC6], [BFSRC7], [BFSRC8], [BFSRC9], [BFSRC10], [BFSRC11], [BFSRC12], [BFSRC13], [MREV1], [MREV2], [MREV3], [MREV4], [MREV5], [MREV6], [MREV7], [MREV8], [MREV9], [MREV10], [MREV11], [MREV12], [MREV13], [LYMSRC1], [LYMSRC2], [LYMSRC3], [LYMSRC4], [LYMSRC5], [LYMSRC6], [LYMSRC7], [LYMSRC8], [LYMSRC9], [LYMSRC10], [LYMSRC11], [LYMSRC12], [LYMSRC13], [SCCRBAL], [BUDGET], [BRANCHID], [CURRENCYID], [DEPARTMENTID], [VERSION], [CREATEDDATE], [CREATEDUSERID], [UPDATEDDATE], [UPDATEDUSERID]) VALUES
(N'GGLICCOA00000557', N'Simple Life Insurance Pre; Income', N'GGLICOA00000447', CAST(0.0000 AS Numeric(18, 4)), CAST(0.0000 AS Numeric(18, 4)), CAST(0.0000 AS Numeric(18, 4)), CAST(0.0000 AS Numeric(18, 4)), CAST(0.0000 AS Numeric(18, 4)), CAST(0.0000 AS Numeric(18, 4)), CAST(0.0000 AS Numeric(18, 4)), CAST(0.0000 AS Numeric(18, 4)), CAST(0.0000 AS Numeric(18, 4)), CAST(0.0000 AS Numeric(18, 4)), CAST(0.0000 AS Numeric(18, 4)), CAST(0.0000 AS Numeric(18, 4)), CAST(0.0000 AS Numeric(18, 4)), CAST(0.0000 AS Numeric(18, 4)), CAST(0.0000 AS Numeric(18, 4)), CAST(0.0000 AS Numeric(18, 4)), CAST(0.0000 AS Numeric(18, 4)), CAST(0.0000 AS Numeric(18, 4)), CAST(0.0000 AS Numeric(18, 4)), CAST(0.0000 AS Numeric(18, 4)), CAST(0.0000 AS Numeric(18, 4)), CAST(0.0000 AS Numeric(18, 4)), CAST(0.0000 AS Numeric(18, 4)), CAST(0.0000 AS Numeric(18, 4)), CAST(0.0000 AS Numeric(18, 4)), CAST(0.0000 AS Numeric(18, 4)), CAST(0.0000 AS Numeric(18, 4)), CAST(0.0000 AS Numeric(18, 4)), CAST(0.0000 AS Numeric(18, 4)), CAST(0.0000 AS Numeric(18, 4)), CAST(0.0000 AS Numeric(18, 4)), CAST(0.0000 AS Numeric(18, 4)), CAST(0.0000 AS Numeric(18, 4)), CAST(0.0000 AS Numeric(18, 4)), CAST(0.0000 AS Numeric(18, 4)), CAST(0.0000 AS Numeric(18, 4)), CAST(0.0000 AS Numeric(18, 4)), CAST(0.0000 AS Numeric(18, 4)), CAST(0.0000 AS Numeric(18, 4)), CAST(0.0000 AS Numeric(18, 4)), CAST(0.0000 AS Numeric(18, 4)), CAST(0.0000 AS Numeric(18, 4)), CAST(0.0000 AS Numeric(18, 4)), CAST(0.0000 AS Numeric(18, 4)), CAST(0.0000 AS Numeric(18, 4)), CAST(0.0000 AS Numeric(18, 4)), CAST(0.0000 AS Numeric(18, 4)), CAST(0.0000 AS Numeric(18, 4)), CAST(0.0000 AS Numeric(18, 4)), CAST(0.0000 AS Numeric(18, 4)), CAST(0.0000 AS Numeric(18, 4)), CAST(0.0000 AS Numeric(18, 4)), CAST(0.0000 AS Numeric(18, 4)), CAST(0.0000 AS Numeric(18, 4)), CAST(0.0000 AS Numeric(18, 4)), CAST(0.0000 AS Numeric(18, 4)), CAST(0.0000 AS Numeric(18, 4)), CAST(0.0000 AS Numeric(18, 4)), CAST(0.0000 AS Numeric(18, 4)), CAST(0.0000 AS Numeric(18, 4)), CAST(0.0000 AS Numeric(18, 4)), CAST(0.0000 AS Numeric(18, 4)), CAST(0.0000 AS Numeric(18, 4)), CAST(0.0000 AS Numeric(18, 4)), CAST(0.0000 AS Numeric(18, 4)), CAST(0.0000 AS Numeric(18, 4)), CAST(0.0000 AS Numeric(18, 4)), CAST(0.0000 AS Numeric(18, 4)), CAST(0.0000 AS Numeric(18, 4)), CAST(0.0000 AS Numeric(18, 4)), CAST(0.0000 AS Numeric(18, 4)), CAST(0.0000 AS Numeric(18, 4)), CAST(0.0000 AS Numeric(18, 4)), CAST(0.0000 AS Numeric(18, 4)), CAST(0.0000 AS Numeric(18, 4)), CAST(0.0000 AS Numeric(18, 4)), CAST(0.0000 AS Numeric(18, 4)), CAST(0.0000 AS Numeric(18, 4)), CAST(0.0000 AS Numeric(18, 4)), CAST(0.0000 AS Numeric(18, 4)), CAST(0.0000 AS Numeric(18, 4)), CAST(0.0000 AS Numeric(18, 4)), CAST(0.0000 AS Numeric(18, 4)), CAST(0.0000 AS Numeric(18, 4)), N'2019/2020', N'ISSYS008000009620205022020          ', N'ISSYS0210001000000000129032013      ', NULL, 1, NULL, NULL, NULL, NULL),
(N'GGLICCOA00000558', N'Agent Commission Payment (Simple Life Insurance)', N'GGLICOA00000448', CAST(0.0000 AS Numeric(18, 4)), CAST(0.0000 AS Numeric(18, 4)), CAST(0.0000 AS Numeric(18, 4)), CAST(0.0000 AS Numeric(18, 4)), CAST(0.0000 AS Numeric(18, 4)), CAST(0.0000 AS Numeric(18, 4)), CAST(0.0000 AS Numeric(18, 4)), CAST(0.0000 AS Numeric(18, 4)), CAST(0.0000 AS Numeric(18, 4)), CAST(0.0000 AS Numeric(18, 4)), CAST(0.0000 AS Numeric(18, 4)), CAST(0.0000 AS Numeric(18, 4)), CAST(0.0000 AS Numeric(18, 4)), CAST(0.0000 AS Numeric(18, 4)), CAST(0.0000 AS Numeric(18, 4)), CAST(0.0000 AS Numeric(18, 4)), CAST(0.0000 AS Numeric(18, 4)), CAST(0.0000 AS Numeric(18, 4)), CAST(0.0000 AS Numeric(18, 4)), CAST(0.0000 AS Numeric(18, 4)), CAST(0.0000 AS Numeric(18, 4)), CAST(0.0000 AS Numeric(18, 4)), CAST(0.0000 AS Numeric(18, 4)), CAST(0.0000 AS Numeric(18, 4)), CAST(0.0000 AS Numeric(18, 4)), CAST(0.0000 AS Numeric(18, 4)), CAST(0.0000 AS Numeric(18, 4)), CAST(0.0000 AS Numeric(18, 4)), CAST(0.0000 AS Numeric(18, 4)), CAST(0.0000 AS Numeric(18, 4)), CAST(0.0000 AS Numeric(18, 4)), CAST(0.0000 AS Numeric(18, 4)), CAST(0.0000 AS Numeric(18, 4)), CAST(0.0000 AS Numeric(18, 4)), CAST(0.0000 AS Numeric(18, 4)), CAST(0.0000 AS Numeric(18, 4)), CAST(0.0000 AS Numeric(18, 4)), CAST(0.0000 AS Numeric(18, 4)), CAST(0.0000 AS Numeric(18, 4)), CAST(0.0000 AS Numeric(18, 4)), CAST(0.0000 AS Numeric(18, 4)), CAST(0.0000 AS Numeric(18, 4)), CAST(0.0000 AS Numeric(18, 4)), CAST(0.0000 AS Numeric(18, 4)), CAST(0.0000 AS Numeric(18, 4)), CAST(0.0000 AS Numeric(18, 4)), CAST(0.0000 AS Numeric(18, 4)), CAST(0.0000 AS Numeric(18, 4)), CAST(0.0000 AS Numeric(18, 4)), CAST(0.0000 AS Numeric(18, 4)), CAST(0.0000 AS Numeric(18, 4)), CAST(0.0000 AS Numeric(18, 4)), CAST(0.0000 AS Numeric(18, 4)), CAST(0.0000 AS Numeric(18, 4)), CAST(0.0000 AS Numeric(18, 4)), CAST(0.0000 AS Numeric(18, 4)), CAST(0.0000 AS Numeric(18, 4)), CAST(0.0000 AS Numeric(18, 4)), CAST(0.0000 AS Numeric(18, 4)), CAST(0.0000 AS Numeric(18, 4)), CAST(0.0000 AS Numeric(18, 4)), CAST(0.0000 AS Numeric(18, 4)), CAST(0.0000 AS Numeric(18, 4)), CAST(0.0000 AS Numeric(18, 4)), CAST(0.0000 AS Numeric(18, 4)), CAST(0.0000 AS Numeric(18, 4)), CAST(0.0000 AS Numeric(18, 4)), CAST(0.0000 AS Numeric(18, 4)), CAST(0.0000 AS Numeric(18, 4)), CAST(0.0000 AS Numeric(18, 4)), CAST(0.0000 AS Numeric(18, 4)), CAST(0.0000 AS Numeric(18, 4)), CAST(0.0000 AS Numeric(18, 4)), CAST(0.0000 AS Numeric(18, 4)), CAST(0.0000 AS Numeric(18, 4)), CAST(0.0000 AS Numeric(18, 4)), CAST(0.0000 AS Numeric(18, 4)), CAST(0.0000 AS Numeric(18, 4)), CAST(0.0000 AS Numeric(18, 4)), CAST(0.0000 AS Numeric(18, 4)), CAST(0.0000 AS Numeric(18, 4)), CAST(0.0000 AS Numeric(18, 4)), CAST(0.0000 AS Numeric(18, 4)), CAST(0.0000 AS Numeric(18, 4)), N'2019/2020', N'ISSYS008000009620205022020          ', N'ISSYS0210001000000000129032013      ', NULL, 1, NULL, NULL, NULL, NULL),
(N'GGLICCOA00000559', N'Insurance Com; Payable(Simple Life Insurance)', N'GGLICOA00000449', CAST(0.0000 AS Numeric(18, 4)), CAST(0.0000 AS Numeric(18, 4)), CAST(0.0000 AS Numeric(18, 4)), CAST(0.0000 AS Numeric(18, 4)), CAST(0.0000 AS Numeric(18, 4)), CAST(0.0000 AS Numeric(18, 4)), CAST(0.0000 AS Numeric(18, 4)), CAST(0.0000 AS Numeric(18, 4)), CAST(0.0000 AS Numeric(18, 4)), CAST(0.0000 AS Numeric(18, 4)), CAST(0.0000 AS Numeric(18, 4)), CAST(0.0000 AS Numeric(18, 4)), CAST(0.0000 AS Numeric(18, 4)), CAST(0.0000 AS Numeric(18, 4)), CAST(0.0000 AS Numeric(18, 4)), CAST(0.0000 AS Numeric(18, 4)), CAST(0.0000 AS Numeric(18, 4)), CAST(0.0000 AS Numeric(18, 4)), CAST(0.0000 AS Numeric(18, 4)), CAST(0.0000 AS Numeric(18, 4)), CAST(0.0000 AS Numeric(18, 4)), CAST(0.0000 AS Numeric(18, 4)), CAST(0.0000 AS Numeric(18, 4)), CAST(0.0000 AS Numeric(18, 4)), CAST(0.0000 AS Numeric(18, 4)), CAST(0.0000 AS Numeric(18, 4)), CAST(0.0000 AS Numeric(18, 4)), CAST(0.0000 AS Numeric(18, 4)), CAST(0.0000 AS Numeric(18, 4)), CAST(0.0000 AS Numeric(18, 4)), CAST(0.0000 AS Numeric(18, 4)), CAST(0.0000 AS Numeric(18, 4)), CAST(0.0000 AS Numeric(18, 4)), CAST(0.0000 AS Numeric(18, 4)), CAST(0.0000 AS Numeric(18, 4)), CAST(0.0000 AS Numeric(18, 4)), CAST(0.0000 AS Numeric(18, 4)), CAST(0.0000 AS Numeric(18, 4)), CAST(0.0000 AS Numeric(18, 4)), CAST(0.0000 AS Numeric(18, 4)), CAST(0.0000 AS Numeric(18, 4)), CAST(0.0000 AS Numeric(18, 4)), CAST(0.0000 AS Numeric(18, 4)), CAST(0.0000 AS Numeric(18, 4)), CAST(0.0000 AS Numeric(18, 4)), CAST(0.0000 AS Numeric(18, 4)), CAST(0.0000 AS Numeric(18, 4)), CAST(0.0000 AS Numeric(18, 4)), CAST(0.0000 AS Numeric(18, 4)), CAST(0.0000 AS Numeric(18, 4)), CAST(0.0000 AS Numeric(18, 4)), CAST(0.0000 AS Numeric(18, 4)), CAST(0.0000 AS Numeric(18, 4)), CAST(0.0000 AS Numeric(18, 4)), CAST(0.0000 AS Numeric(18, 4)), CAST(0.0000 AS Numeric(18, 4)), CAST(0.0000 AS Numeric(18, 4)), CAST(0.0000 AS Numeric(18, 4)), CAST(0.0000 AS Numeric(18, 4)), CAST(0.0000 AS Numeric(18, 4)), CAST(0.0000 AS Numeric(18, 4)), CAST(0.0000 AS Numeric(18, 4)), CAST(0.0000 AS Numeric(18, 4)), CAST(0.0000 AS Numeric(18, 4)), CAST(0.0000 AS Numeric(18, 4)), CAST(0.0000 AS Numeric(18, 4)), CAST(0.0000 AS Numeric(18, 4)), CAST(0.0000 AS Numeric(18, 4)), CAST(0.0000 AS Numeric(18, 4)), CAST(0.0000 AS Numeric(18, 4)), CAST(0.0000 AS Numeric(18, 4)), CAST(0.0000 AS Numeric(18, 4)), CAST(0.0000 AS Numeric(18, 4)), CAST(0.0000 AS Numeric(18, 4)), CAST(0.0000 AS Numeric(18, 4)), CAST(0.0000 AS Numeric(18, 4)), CAST(0.0000 AS Numeric(18, 4)), CAST(0.0000 AS Numeric(18, 4)), CAST(0.0000 AS Numeric(18, 4)), CAST(0.0000 AS Numeric(18, 4)), CAST(0.0000 AS Numeric(18, 4)), CAST(0.0000 AS Numeric(18, 4)), CAST(0.0000 AS Numeric(18, 4)), CAST(0.0000 AS Numeric(18, 4)), N'2019/2020', N'ISSYS008000009620205022020          ', N'ISSYS0210001000000000129032013      ', NULL, 1, NULL, NULL, NULL, NULL),
(N'GGLICCOA00000560', N'Accrued Pre; Income Receivable(Simple Life Insurance)', N'GGLICOA00000450', CAST(0.0000 AS Numeric(18, 4)), CAST(0.0000 AS Numeric(18, 4)), CAST(0.0000 AS Numeric(18, 4)), CAST(0.0000 AS Numeric(18, 4)), CAST(0.0000 AS Numeric(18, 4)), CAST(0.0000 AS Numeric(18, 4)), CAST(0.0000 AS Numeric(18, 4)), CAST(0.0000 AS Numeric(18, 4)), CAST(0.0000 AS Numeric(18, 4)), CAST(0.0000 AS Numeric(18, 4)), CAST(0.0000 AS Numeric(18, 4)), CAST(0.0000 AS Numeric(18, 4)), CAST(0.0000 AS Numeric(18, 4)), CAST(0.0000 AS Numeric(18, 4)), CAST(0.0000 AS Numeric(18, 4)), CAST(0.0000 AS Numeric(18, 4)), CAST(0.0000 AS Numeric(18, 4)), CAST(0.0000 AS Numeric(18, 4)), CAST(0.0000 AS Numeric(18, 4)), CAST(0.0000 AS Numeric(18, 4)), CAST(0.0000 AS Numeric(18, 4)), CAST(0.0000 AS Numeric(18, 4)), CAST(0.0000 AS Numeric(18, 4)), CAST(0.0000 AS Numeric(18, 4)), CAST(0.0000 AS Numeric(18, 4)), CAST(0.0000 AS Numeric(18, 4)), CAST(0.0000 AS Numeric(18, 4)), CAST(0.0000 AS Numeric(18, 4)), CAST(0.0000 AS Numeric(18, 4)), CAST(0.0000 AS Numeric(18, 4)), CAST(0.0000 AS Numeric(18, 4)), CAST(0.0000 AS Numeric(18, 4)), CAST(0.0000 AS Numeric(18, 4)), CAST(0.0000 AS Numeric(18, 4)), CAST(0.0000 AS Numeric(18, 4)), CAST(0.0000 AS Numeric(18, 4)), CAST(0.0000 AS Numeric(18, 4)), CAST(0.0000 AS Numeric(18, 4)), CAST(0.0000 AS Numeric(18, 4)), CAST(0.0000 AS Numeric(18, 4)), CAST(0.0000 AS Numeric(18, 4)), CAST(0.0000 AS Numeric(18, 4)), CAST(0.0000 AS Numeric(18, 4)), CAST(0.0000 AS Numeric(18, 4)), CAST(0.0000 AS Numeric(18, 4)), CAST(0.0000 AS Numeric(18, 4)), CAST(0.0000 AS Numeric(18, 4)), CAST(0.0000 AS Numeric(18, 4)), CAST(0.0000 AS Numeric(18, 4)), CAST(0.0000 AS Numeric(18, 4)), CAST(0.0000 AS Numeric(18, 4)), CAST(0.0000 AS Numeric(18, 4)), CAST(0.0000 AS Numeric(18, 4)), CAST(0.0000 AS Numeric(18, 4)), CAST(0.0000 AS Numeric(18, 4)), CAST(0.0000 AS Numeric(18, 4)), CAST(0.0000 AS Numeric(18, 4)), CAST(0.0000 AS Numeric(18, 4)), CAST(0.0000 AS Numeric(18, 4)), CAST(0.0000 AS Numeric(18, 4)), CAST(0.0000 AS Numeric(18, 4)), CAST(0.0000 AS Numeric(18, 4)), CAST(0.0000 AS Numeric(18, 4)), CAST(0.0000 AS Numeric(18, 4)), CAST(0.0000 AS Numeric(18, 4)), CAST(0.0000 AS Numeric(18, 4)), CAST(0.0000 AS Numeric(18, 4)), CAST(0.0000 AS Numeric(18, 4)), CAST(0.0000 AS Numeric(18, 4)), CAST(0.0000 AS Numeric(18, 4)), CAST(0.0000 AS Numeric(18, 4)), CAST(0.0000 AS Numeric(18, 4)), CAST(0.0000 AS Numeric(18, 4)), CAST(0.0000 AS Numeric(18, 4)), CAST(0.0000 AS Numeric(18, 4)), CAST(0.0000 AS Numeric(18, 4)), CAST(0.0000 AS Numeric(18, 4)), CAST(0.0000 AS Numeric(18, 4)), CAST(0.0000 AS Numeric(18, 4)), CAST(0.0000 AS Numeric(18, 4)), CAST(0.0000 AS Numeric(18, 4)), CAST(0.0000 AS Numeric(18, 4)), CAST(0.0000 AS Numeric(18, 4)), CAST(0.0000 AS Numeric(18, 4)), N'2019/2020', N'ISSYS008000009620205022020          ', N'ISSYS0210001000000000129032013      ', NULL, 1, NULL, NULL, NULL, NULL),
(N'GGLICCOA00000561', N'Receivable from GGG', N'GGLICOA00000451', CAST(0.0000 AS Numeric(18, 4)), CAST(0.0000 AS Numeric(18, 4)), CAST(0.0000 AS Numeric(18, 4)), CAST(0.0000 AS Numeric(18, 4)), CAST(0.0000 AS Numeric(18, 4)), CAST(0.0000 AS Numeric(18, 4)), CAST(0.0000 AS Numeric(18, 4)), CAST(0.0000 AS Numeric(18, 4)), CAST(0.0000 AS Numeric(18, 4)), CAST(0.0000 AS Numeric(18, 4)), CAST(0.0000 AS Numeric(18, 4)), CAST(0.0000 AS Numeric(18, 4)), CAST(0.0000 AS Numeric(18, 4)), CAST(0.0000 AS Numeric(18, 4)), CAST(0.0000 AS Numeric(18, 4)), CAST(0.0000 AS Numeric(18, 4)), CAST(0.0000 AS Numeric(18, 4)), CAST(0.0000 AS Numeric(18, 4)), CAST(0.0000 AS Numeric(18, 4)), CAST(0.0000 AS Numeric(18, 4)), CAST(0.0000 AS Numeric(18, 4)), CAST(0.0000 AS Numeric(18, 4)), CAST(0.0000 AS Numeric(18, 4)), CAST(0.0000 AS Numeric(18, 4)), CAST(0.0000 AS Numeric(18, 4)), CAST(0.0000 AS Numeric(18, 4)), CAST(0.0000 AS Numeric(18, 4)), CAST(0.0000 AS Numeric(18, 4)), CAST(0.0000 AS Numeric(18, 4)), CAST(0.0000 AS Numeric(18, 4)), CAST(0.0000 AS Numeric(18, 4)), CAST(0.0000 AS Numeric(18, 4)), CAST(0.0000 AS Numeric(18, 4)), CAST(0.0000 AS Numeric(18, 4)), CAST(0.0000 AS Numeric(18, 4)), CAST(0.0000 AS Numeric(18, 4)), CAST(0.0000 AS Numeric(18, 4)), CAST(0.0000 AS Numeric(18, 4)), CAST(0.0000 AS Numeric(18, 4)), CAST(0.0000 AS Numeric(18, 4)), CAST(0.0000 AS Numeric(18, 4)), CAST(0.0000 AS Numeric(18, 4)), CAST(0.0000 AS Numeric(18, 4)), CAST(0.0000 AS Numeric(18, 4)), CAST(0.0000 AS Numeric(18, 4)), CAST(0.0000 AS Numeric(18, 4)), CAST(0.0000 AS Numeric(18, 4)), CAST(0.0000 AS Numeric(18, 4)), CAST(0.0000 AS Numeric(18, 4)), CAST(0.0000 AS Numeric(18, 4)), CAST(0.0000 AS Numeric(18, 4)), CAST(0.0000 AS Numeric(18, 4)), CAST(0.0000 AS Numeric(18, 4)), CAST(0.0000 AS Numeric(18, 4)), CAST(0.0000 AS Numeric(18, 4)), CAST(0.0000 AS Numeric(18, 4)), CAST(0.0000 AS Numeric(18, 4)), CAST(0.0000 AS Numeric(18, 4)), CAST(0.0000 AS Numeric(18, 4)), CAST(0.0000 AS Numeric(18, 4)), CAST(0.0000 AS Numeric(18, 4)), CAST(0.0000 AS Numeric(18, 4)), CAST(0.0000 AS Numeric(18, 4)), CAST(0.0000 AS Numeric(18, 4)), CAST(0.0000 AS Numeric(18, 4)), CAST(0.0000 AS Numeric(18, 4)), CAST(0.0000 AS Numeric(18, 4)), CAST(0.0000 AS Numeric(18, 4)), CAST(0.0000 AS Numeric(18, 4)), CAST(0.0000 AS Numeric(18, 4)), CAST(0.0000 AS Numeric(18, 4)), CAST(0.0000 AS Numeric(18, 4)), CAST(0.0000 AS Numeric(18, 4)), CAST(0.0000 AS Numeric(18, 4)), CAST(0.0000 AS Numeric(18, 4)), CAST(0.0000 AS Numeric(18, 4)), CAST(0.0000 AS Numeric(18, 4)), CAST(0.0000 AS Numeric(18, 4)), CAST(0.0000 AS Numeric(18, 4)), CAST(0.0000 AS Numeric(18, 4)), CAST(0.0000 AS Numeric(18, 4)), CAST(0.0000 AS Numeric(18, 4)), CAST(0.0000 AS Numeric(18, 4)), CAST(0.0000 AS Numeric(18, 4)), N'2019/2020', N'ISSYS008000009620205022020          ', N'ISSYS0210001000000000129032013      ', NULL, 1, NULL, NULL, NULL, NULL);



