
/*PRODUCTGROUP*/
INSERT [dbo].[PRODUCTGROUP] ([ID], [NAME], [DESCRIPTION], [PROPOSALNOPREFIX], [POLICYNOPREFIX], [UNDERSESSION13], [UNDERSESSION25], [MAXSUMINSURED], [ACCOUNTNAME], [CREATEDUSERID], [CREATEDDATE], [UPDATEDUSERID], [UPDATEDDATE], [VERSION], [GROUPTYPE]) VALUES (N'ISPRD004000009608010032020          ', N'SINGLE PREMIUM ENDOWMENT LIFE', N'SINGLE PREMIUM ENDOWMENT LIFE', N'TP', N'T', CAST(0.0000 AS Numeric(18, 4)), CAST(0.0000 AS Numeric(18, 4)), CAST(2500000.0000 AS Numeric(18, 4)), N'SINGLE_PREMIUM_ENDOWMENT_PREMIUM', N'INUSR0010001000000000129032013      ', CAST(N'2020-03-10 11:41:22.710' AS DateTime), NULL, NULL, 1, N'LIFE')

/*PRODUCT*/
INSERT [dbo].[PRODUCT] ([ID], [NAME], [PRODUCTGROUPID], [AUTOCALCULATE], [FIXEDVALUE], [PREMIUMRATETYPE], [BASESUMINSURED], [STANDARDEXCESS], [FIRSTCOMMISSION], [RENEWALCOMMISSION], [MAXSUMINSURED], [MINSUMINSURED], [MAXTERM], [MINTERM], [INSURANCETYPE], [CREATEDUSERID], [CREATEDDATE], [UPDATEDUSERID], [UPDATEDDATE], [VERSION], [CURRENCYID], [MULTICURPREFIX], [PREFIX], [MAXUNIT], [MAXAGE], [MINAGE], [MAXHOSPDAYS], [ENTEREDPERCENT]) VALUES (N'ISPRD003000009612311032020          ', N'SINGLE PREMIUM ENDOWMENT LIFE ', N'ISPRD004000009608010032020          ', 1, CAST(0.0000 AS Numeric(18, 4)), N'USER_DEFINED_RATE', CAST(1.0000 AS Numeric(18, 4)), CAST(0.0000 AS Numeric(18, 4)), CAST(0.5000 AS Numeric(18, 4)), CAST(0.0000 AS Numeric(18, 4)), CAST(25000000.0000 AS Numeric(18, 4)), CAST(5000000.0000 AS Numeric(18, 4)), 5, 3, N'LIFE', N'INUSR0010001000000000129032013      ', CAST(N'2020-03-11 11:10:14.143' AS DateTime), N'INUSR0010001000000000129032013      ', CAST(N'2020-06-22 10:57:10.540' AS DateTime), 19, N'ISSYS0210001000000000129032013      ', N'T', NULL, N'0                                   ', 60, 18, 0, NULL)

/* PRODUCT_PAYMENT_LINK for Single Premium Endowment Life*/
INSERT [dbo].[PRODUCT_PAYMENTTYPE_LINK] ([PRODUCTID], [PAYMENTTYPEID]) VALUES (N'ISPRD003000009612311032020          ', N'ISSYS0090001000000000429032013      ')


/* PRODUCT_PREMIUMRATE_LINK for Single Premium Endowment Life*/
INSERT  [PRODUCT_PREMIUMRATE_LINK] ([ID], [PREMIUMRATE], [PRODUCTID], [CREATEDUSERID], [CREATEDDATE], [UPDATEDUSERID], [UPDATEDDATE], [VERSION]) VALUES (N'ISPRD002000012903723032020          ', CAST(0.9100 AS Numeric(18, 4)), N'ISPRD003000009612311032020          ', N'INUSR0010001000000000129032013      ', CAST(N'2020-03-23 14:13:58.100' AS DateTime), NULL, NULL, 1)
INSERT  [PRODUCT_PREMIUMRATE_LINK] ([ID], [PREMIUMRATE], [PRODUCTID], [CREATEDUSERID], [CREATEDDATE], [UPDATEDUSERID], [UPDATEDDATE], [VERSION]) VALUES (N'ISPRD002000012903823032020          ', CAST(0.9300 AS Numeric(18, 4)), N'ISPRD003000009612311032020          ', N'INUSR0010001000000000129032013      ', CAST(N'2020-03-23 14:14:59.930' AS DateTime), NULL, NULL, 1)
INSERT  [PRODUCT_PREMIUMRATE_LINK] ([ID], [PREMIUMRATE], [PRODUCTID], [CREATEDUSERID], [CREATEDDATE], [UPDATEDUSERID], [UPDATEDDATE], [VERSION]) VALUES (N'ISPRD002000012903923032020          ', CAST(0.9500 AS Numeric(18, 4)), N'ISPRD003000009612311032020          ', N'INUSR0010001000000000129032013      ', CAST(N'2020-03-23 14:16:57.737' AS DateTime), NULL, NULL, 1)
INSERT  [PRODUCT_PREMIUMRATE_LINK] ([ID], [PREMIUMRATE], [PRODUCTID], [CREATEDUSERID], [CREATEDDATE], [UPDATEDUSERID], [UPDATEDDATE], [VERSION]) VALUES (N'ISPRD002000012904023032020          ', CAST(0.9300 AS Numeric(18, 4)), N'ISPRD003000009612311032020          ', N'INUSR0010001000000000129032013      ', CAST(N'2020-03-23 14:19:39.180' AS DateTime), NULL, NULL, 1)
INSERT  [PRODUCT_PREMIUMRATE_LINK] ([ID], [PREMIUMRATE], [PRODUCTID], [CREATEDUSERID], [CREATEDDATE], [UPDATEDUSERID], [UPDATEDDATE], [VERSION]) VALUES (N'ISPRD002000012904123032020          ', CAST(0.9500 AS Numeric(18, 4)), N'ISPRD003000009612311032020          ', N'INUSR0010001000000000129032013      ', CAST(N'2020-03-23 14:20:03.233' AS DateTime), NULL, NULL, 1)
INSERT  [PRODUCT_PREMIUMRATE_LINK] ([ID], [PREMIUMRATE], [PRODUCTID], [CREATEDUSERID], [CREATEDDATE], [UPDATEDUSERID], [UPDATEDDATE], [VERSION]) VALUES (N'ISPRD002000012904223032020          ', CAST(0.9500 AS Numeric(18, 4)), N'ISPRD003000009612311032020          ', N'INUSR0010001000000000129032013      ', CAST(N'2020-03-23 14:20:27.657' AS DateTime), NULL, NULL, 1)
INSERT  [PRODUCT_PREMIUMRATE_LINK] ([ID], [PREMIUMRATE], [PRODUCTID], [CREATEDUSERID], [CREATEDDATE], [UPDATEDUSERID], [UPDATEDDATE], [VERSION]) VALUES (N'ISPRD002000012904323032020          ', CAST(0.8100 AS Numeric(18, 4)), N'ISPRD003000009612311032020          ', N'INUSR0010001000000000129032013      ', CAST(N'2020-03-23 14:21:35.987' AS DateTime), NULL, NULL, 1)
INSERT  [PRODUCT_PREMIUMRATE_LINK] ([ID], [PREMIUMRATE], [PRODUCTID], [CREATEDUSERID], [CREATEDDATE], [UPDATEDUSERID], [UPDATEDDATE], [VERSION]) VALUES (N'ISPRD002000012904423032020          ', CAST(0.8300 AS Numeric(18, 4)), N'ISPRD003000009612311032020          ', N'INUSR0010001000000000129032013      ', CAST(N'2020-03-23 14:22:54.417' AS DateTime), NULL, NULL, 1)
INSERT  [PRODUCT_PREMIUMRATE_LINK] ([ID], [PREMIUMRATE], [PRODUCTID], [CREATEDUSERID], [CREATEDDATE], [UPDATEDUSERID], [UPDATEDDATE], [VERSION]) VALUES (N'ISPRD002000012904523032020          ', CAST(0.8500 AS Numeric(18, 4)), N'ISPRD003000009612311032020          ', N'INUSR0010001000000000129032013      ', CAST(N'2020-03-23 14:23:23.413' AS DateTime), NULL, NULL, 1)
INSERT  [PRODUCT_PREMIUMRATE_LINK] ([ID], [PREMIUMRATE], [PRODUCTID], [CREATEDUSERID], [CREATEDDATE], [UPDATEDUSERID], [UPDATEDDATE], [VERSION]) VALUES (N'ISPRD002000012904623032020          ', CAST(0.8300 AS Numeric(18, 4)), N'ISPRD003000009612311032020          ', N'INUSR0010001000000000129032013      ', CAST(N'2020-03-23 14:24:21.780' AS DateTime), NULL, NULL, 1)
INSERT  [PRODUCT_PREMIUMRATE_LINK] ([ID], [PREMIUMRATE], [PRODUCTID], [CREATEDUSERID], [CREATEDDATE], [UPDATEDUSERID], [UPDATEDDATE], [VERSION]) VALUES (N'ISPRD002000012904723032020          ', CAST(0.8500 AS Numeric(18, 4)), N'ISPRD003000009612311032020          ', N'INUSR0010001000000000129032013      ', CAST(N'2020-03-23 14:24:49.917' AS DateTime), NULL, NULL, 1)
INSERT  [PRODUCT_PREMIUMRATE_LINK] ([ID], [PREMIUMRATE], [PRODUCTID], [CREATEDUSERID], [CREATEDDATE], [UPDATEDUSERID], [UPDATEDDATE], [VERSION]) VALUES (N'ISPRD002000012904823032020          ', CAST(0.8500 AS Numeric(18, 4)), N'ISPRD003000009612311032020          ', N'INUSR0010001000000000129032013      ', CAST(N'2020-03-23 14:25:25.270' AS DateTime), NULL, NULL, 1)
INSERT  [PRODUCT_PREMIUMRATE_LINK] ([ID], [PREMIUMRATE], [PRODUCTID], [CREATEDUSERID], [CREATEDDATE], [UPDATEDUSERID], [UPDATEDDATE], [VERSION]) VALUES (N'ISPRD002000012904923032020          ', CAST(0.7100 AS Numeric(18, 4)), N'ISPRD003000009612311032020          ', N'INUSR0010001000000000129032013      ', CAST(N'2020-03-23 14:26:49.053' AS DateTime), NULL, NULL, 1)
INSERT  [PRODUCT_PREMIUMRATE_LINK] ([ID], [PREMIUMRATE], [PRODUCTID], [CREATEDUSERID], [CREATEDDATE], [UPDATEDUSERID], [UPDATEDDATE], [VERSION]) VALUES (N'ISPRD002000012905023032020          ', CAST(0.7300 AS Numeric(18, 4)), N'ISPRD003000009612311032020          ', N'INUSR0010001000000000129032013      ', CAST(N'2020-03-23 14:27:31.870' AS DateTime), NULL, NULL, 1)
INSERT  [PRODUCT_PREMIUMRATE_LINK] ([ID], [PREMIUMRATE], [PRODUCTID], [CREATEDUSERID], [CREATEDDATE], [UPDATEDUSERID], [UPDATEDDATE], [VERSION]) VALUES (N'ISPRD002000012905123032020          ', CAST(0.7500 AS Numeric(18, 4)), N'ISPRD003000009612311032020          ', N'INUSR0010001000000000129032013      ', CAST(N'2020-03-23 14:28:00.047' AS DateTime), NULL, NULL, 1)
INSERT  [PRODUCT_PREMIUMRATE_LINK] ([ID], [PREMIUMRATE], [PRODUCTID], [CREATEDUSERID], [CREATEDDATE], [UPDATEDUSERID], [UPDATEDDATE], [VERSION]) VALUES (N'ISPRD002000012905223032020          ', CAST(0.7300 AS Numeric(18, 4)), N'ISPRD003000009612311032020          ', N'INUSR0010001000000000129032013      ', CAST(N'2020-03-23 14:28:37.713' AS DateTime), NULL, NULL, 1)
INSERT  [PRODUCT_PREMIUMRATE_LINK] ([ID], [PREMIUMRATE], [PRODUCTID], [CREATEDUSERID], [CREATEDDATE], [UPDATEDUSERID], [UPDATEDDATE], [VERSION]) VALUES (N'ISPRD002000012905323032020          ', CAST(0.7500 AS Numeric(18, 4)), N'ISPRD003000009612311032020          ', N'INUSR0010001000000000129032013      ', CAST(N'2020-03-23 14:29:29.160' AS DateTime), NULL, NULL, 1)
INSERT  [PRODUCT_PREMIUMRATE_LINK] ([ID], [PREMIUMRATE], [PRODUCTID], [CREATEDUSERID], [CREATEDDATE], [UPDATEDUSERID], [UPDATEDDATE], [VERSION]) VALUES (N'ISPRD002000012905423032020          ', CAST(0.7500 AS Numeric(18, 4)), N'ISPRD003000009612311032020          ', N'INUSR0010001000000000129032013      ', CAST(N'2020-03-23 14:29:57.433' AS DateTime), NULL, NULL, 1)

/* PRODUCT_KEYFACTOR_LINK for Single Premium Endowment Life*/
INSERT  [PRODUCT_KEYFACTOR_LINK] ([PRODUCTID], [KEYFACTORID]) VALUES (N'ISPRD003000009612311032020          ', N'ISSYS013000009605725022020      ')
INSERT  [PRODUCT_KEYFACTOR_LINK] ([PRODUCTID], [KEYFACTORID]) VALUES (N'ISPRD003000009612311032020          ', N'ISSYS0130001000000000829032013      ')
INSERT  [PRODUCT_KEYFACTOR_LINK] ([PRODUCTID], [KEYFACTORID]) VALUES (N'ISPRD003000009612311032020          ', N'ISSYS0130001000000000129032013       ')


/* PRODUCT_RATEKEYFACTOR for Single Premium Endowment Life*/       

INSERT [dbo].[PRODUCT_RATEKEYFACTOR] ([ID], [PRODUCTPREMIUMRATEID], [KEYFACTORID], [FROMVALUE], [TOVALUE], [VALUE], [REFERENCENAME], [VERSION]) VALUES (N'148193                              ', N'ISPRD002000012903723032020          ', N'ISSYS013000009605725022020          ', CAST(18.0000 AS Numeric(18, 4)), CAST(40.0000 AS Numeric(18, 4)), NULL, NULL, 1)
INSERT [dbo].[PRODUCT_RATEKEYFACTOR] ([ID], [PRODUCTPREMIUMRATEID], [KEYFACTORID], [FROMVALUE], [TOVALUE], [VALUE], [REFERENCENAME], [VERSION]) VALUES (N'148194                              ', N'ISPRD002000012903723032020          ', N'ISSYS0130001000000000129032013      ', CAST(14100000.0000 AS Numeric(18, 4)), CAST(20000000.0000 AS Numeric(18, 4)), NULL, NULL, 1)
INSERT [dbo].[PRODUCT_RATEKEYFACTOR] ([ID], [PRODUCTPREMIUMRATEID], [KEYFACTORID], [FROMVALUE], [TOVALUE], [VALUE], [REFERENCENAME], [VERSION]) VALUES (N'148195                              ', N'ISPRD002000012903723032020          ', N'ISSYS0130001000000000829032013      ', CAST(0.0000 AS Numeric(18, 4)), CAST(0.0000 AS Numeric(18, 4)), N'3', NULL, 1)

INSERT [dbo].[PRODUCT_RATEKEYFACTOR] ([ID], [PRODUCTPREMIUMRATEID], [KEYFACTORID], [FROMVALUE], [TOVALUE], [VALUE], [REFERENCENAME], [VERSION]) VALUES (N'148196                              ', N'ISPRD002000012903823032020          ', N'ISSYS013000009605725022020          ', CAST(18.0000 AS Numeric(18, 4)), CAST(40.0000 AS Numeric(18, 4)), NULL, NULL, 1)
INSERT [dbo].[PRODUCT_RATEKEYFACTOR] ([ID], [PRODUCTPREMIUMRATEID], [KEYFACTORID], [FROMVALUE], [TOVALUE], [VALUE], [REFERENCENAME], [VERSION]) VALUES (N'148197                              ', N'ISPRD002000012903823032020          ', N'ISSYS0130001000000000129032013      ', CAST(7100000.0000 AS Numeric(18, 4)), CAST(14000000.0000 AS Numeric(18, 4)), NULL, NULL, 1)
INSERT [dbo].[PRODUCT_RATEKEYFACTOR] ([ID], [PRODUCTPREMIUMRATEID], [KEYFACTORID], [FROMVALUE], [TOVALUE], [VALUE], [REFERENCENAME], [VERSION]) VALUES (N'148198                              ', N'ISPRD002000012903823032020          ', N'ISSYS0130001000000000829032013      ', CAST(0.0000 AS Numeric(18, 4)), CAST(0.0000 AS Numeric(18, 4)), N'3', NULL, 1)

INSERT [dbo].[PRODUCT_RATEKEYFACTOR] ([ID], [PRODUCTPREMIUMRATEID], [KEYFACTORID], [FROMVALUE], [TOVALUE], [VALUE], [REFERENCENAME], [VERSION]) VALUES (N'148199                              ', N'ISPRD002000012903923032020          ', N'ISSYS013000009605725022020          ', CAST(18.0000 AS Numeric(18, 4)), CAST(40.0000 AS Numeric(18, 4)), NULL, NULL, 1)
INSERT [dbo].[PRODUCT_RATEKEYFACTOR] ([ID], [PRODUCTPREMIUMRATEID], [KEYFACTORID], [FROMVALUE], [TOVALUE], [VALUE], [REFERENCENAME], [VERSION]) VALUES (N'148200                              ', N'ISPRD002000012903923032020          ', N'ISSYS0130001000000000129032013      ', CAST(5000000.0000 AS Numeric(18, 4)), CAST(7000000.0000 AS Numeric(18, 4)), NULL, NULL, 1)
INSERT [dbo].[PRODUCT_RATEKEYFACTOR] ([ID], [PRODUCTPREMIUMRATEID], [KEYFACTORID], [FROMVALUE], [TOVALUE], [VALUE], [REFERENCENAME], [VERSION]) VALUES (N'148201                              ', N'ISPRD002000012903923032020          ', N'ISSYS0130001000000000829032013      ', CAST(0.0000 AS Numeric(18, 4)), CAST(0.0000 AS Numeric(18, 4)), N'3', NULL, 1)

INSERT [dbo].[PRODUCT_RATEKEYFACTOR] ([ID], [PRODUCTPREMIUMRATEID], [KEYFACTORID], [FROMVALUE], [TOVALUE], [VALUE], [REFERENCENAME], [VERSION]) VALUES (N'148202                              ', N'ISPRD002000012904023032020          ', N'ISSYS013000009605725022020          ', CAST(41.0000 AS Numeric(18, 4)), CAST(50.0000 AS Numeric(18, 4)), NULL, NULL, 1)
INSERT [dbo].[PRODUCT_RATEKEYFACTOR] ([ID], [PRODUCTPREMIUMRATEID], [KEYFACTORID], [FROMVALUE], [TOVALUE], [VALUE], [REFERENCENAME], [VERSION]) VALUES (N'148203                              ', N'ISPRD002000012904023032020          ', N'ISSYS0130001000000000129032013      ', CAST(7100000.0000 AS Numeric(18, 4)), CAST(20000000.0000 AS Numeric(18, 4)), NULL, NULL, 1)
INSERT [dbo].[PRODUCT_RATEKEYFACTOR] ([ID], [PRODUCTPREMIUMRATEID], [KEYFACTORID], [FROMVALUE], [TOVALUE], [VALUE], [REFERENCENAME], [VERSION]) VALUES (N'148204                              ', N'ISPRD002000012904023032020          ', N'ISSYS0130001000000000829032013      ', CAST(0.0000 AS Numeric(18, 4)), CAST(0.0000 AS Numeric(18, 4)), N'3', NULL, 1)

INSERT [dbo].[PRODUCT_RATEKEYFACTOR] ([ID], [PRODUCTPREMIUMRATEID], [KEYFACTORID], [FROMVALUE], [TOVALUE], [VALUE], [REFERENCENAME], [VERSION]) VALUES (N'148205                              ', N'ISPRD002000012904123032020          ', N'ISSYS013000009605725022020          ', CAST(41.0000 AS Numeric(18, 4)), CAST(50.0000 AS Numeric(18, 4)), NULL, NULL, 1)
INSERT [dbo].[PRODUCT_RATEKEYFACTOR] ([ID], [PRODUCTPREMIUMRATEID], [KEYFACTORID], [FROMVALUE], [TOVALUE], [VALUE], [REFERENCENAME], [VERSION]) VALUES (N'148206                              ', N'ISPRD002000012904123032020          ', N'ISSYS0130001000000000129032013      ', CAST(5000000.0000 AS Numeric(18, 4)), CAST(7000000.0000 AS Numeric(18, 4)), NULL, NULL, 1)
INSERT [dbo].[PRODUCT_RATEKEYFACTOR] ([ID], [PRODUCTPREMIUMRATEID], [KEYFACTORID], [FROMVALUE], [TOVALUE], [VALUE], [REFERENCENAME], [VERSION]) VALUES (N'148207                              ', N'ISPRD002000012904123032020          ', N'ISSYS0130001000000000829032013      ', CAST(0.0000 AS Numeric(18, 4)), CAST(0.0000 AS Numeric(18, 4)), N'3', NULL, 1)

INSERT [dbo].[PRODUCT_RATEKEYFACTOR] ([ID], [PRODUCTPREMIUMRATEID], [KEYFACTORID], [FROMVALUE], [TOVALUE], [VALUE], [REFERENCENAME], [VERSION]) VALUES (N'148208                              ', N'ISPRD002000012904223032020          ', N'ISSYS013000009605725022020          ', CAST(51.0000 AS Numeric(18, 4)), CAST(60.0000 AS Numeric(18, 4)), NULL, NULL, 1)
INSERT [dbo].[PRODUCT_RATEKEYFACTOR] ([ID], [PRODUCTPREMIUMRATEID], [KEYFACTORID], [FROMVALUE], [TOVALUE], [VALUE], [REFERENCENAME], [VERSION]) VALUES (N'148209                              ', N'ISPRD002000012904223032020          ', N'ISSYS0130001000000000129032013      ', CAST(5000000.0000 AS Numeric(18, 4)), CAST(20000000.0000 AS Numeric(18, 4)), NULL, NULL, 1)
INSERT [dbo].[PRODUCT_RATEKEYFACTOR] ([ID], [PRODUCTPREMIUMRATEID], [KEYFACTORID], [FROMVALUE], [TOVALUE], [VALUE], [REFERENCENAME], [VERSION]) VALUES (N'148210                              ', N'ISPRD002000012904223032020          ', N'ISSYS0130001000000000829032013      ', CAST(0.0000 AS Numeric(18, 4)), CAST(0.0000 AS Numeric(18, 4)), N'3', NULL, 1)

INSERT [dbo].[PRODUCT_RATEKEYFACTOR] ([ID], [PRODUCTPREMIUMRATEID], [KEYFACTORID], [FROMVALUE], [TOVALUE], [VALUE], [REFERENCENAME], [VERSION]) VALUES (N'148211                              ', N'ISPRD002000012904323032020          ', N'ISSYS013000009605725022020          ', CAST(18.0000 AS Numeric(18, 4)), CAST(40.0000 AS Numeric(18, 4)), NULL, NULL, 1)
INSERT [dbo].[PRODUCT_RATEKEYFACTOR] ([ID], [PRODUCTPREMIUMRATEID], [KEYFACTORID], [FROMVALUE], [TOVALUE], [VALUE], [REFERENCENAME], [VERSION]) VALUES (N'148212                              ', N'ISPRD002000012904323032020          ', N'ISSYS0130001000000000129032013      ', CAST(14100000.0000 AS Numeric(18, 4)), CAST(25000000.0000 AS Numeric(18, 4)), NULL, NULL, 1)
INSERT [dbo].[PRODUCT_RATEKEYFACTOR] ([ID], [PRODUCTPREMIUMRATEID], [KEYFACTORID], [FROMVALUE], [TOVALUE], [VALUE], [REFERENCENAME], [VERSION]) VALUES (N'148213                              ', N'ISPRD002000012904323032020          ', N'ISSYS0130001000000000829032013      ', CAST(0.0000 AS Numeric(18, 4)), CAST(0.0000 AS Numeric(18, 4)), N'4', NULL, 1)

INSERT [dbo].[PRODUCT_RATEKEYFACTOR] ([ID], [PRODUCTPREMIUMRATEID], [KEYFACTORID], [FROMVALUE], [TOVALUE], [VALUE], [REFERENCENAME], [VERSION]) VALUES (N'148214                              ', N'ISPRD002000012904423032020          ', N'ISSYS013000009605725022020          ', CAST(18.0000 AS Numeric(18, 4)), CAST(40.0000 AS Numeric(18, 4)), NULL, NULL, 1)
INSERT [dbo].[PRODUCT_RATEKEYFACTOR] ([ID], [PRODUCTPREMIUMRATEID], [KEYFACTORID], [FROMVALUE], [TOVALUE], [VALUE], [REFERENCENAME], [VERSION]) VALUES (N'148215                              ', N'ISPRD002000012904423032020          ', N'ISSYS0130001000000000129032013      ', CAST(7100000.0000 AS Numeric(18, 4)), CAST(14000000.0000 AS Numeric(18, 4)), NULL, NULL, 1)
INSERT [dbo].[PRODUCT_RATEKEYFACTOR] ([ID], [PRODUCTPREMIUMRATEID], [KEYFACTORID], [FROMVALUE], [TOVALUE], [VALUE], [REFERENCENAME], [VERSION]) VALUES (N'148216                              ', N'ISPRD002000012904423032020          ', N'ISSYS0130001000000000829032013      ', CAST(0.0000 AS Numeric(18, 4)), CAST(0.0000 AS Numeric(18, 4)), N'4', NULL, 1)

INSERT [dbo].[PRODUCT_RATEKEYFACTOR] ([ID], [PRODUCTPREMIUMRATEID], [KEYFACTORID], [FROMVALUE], [TOVALUE], [VALUE], [REFERENCENAME], [VERSION]) VALUES (N'148217                              ', N'ISPRD002000012904523032020          ', N'ISSYS013000009605725022020          ', CAST(18.0000 AS Numeric(18, 4)), CAST(40.0000 AS Numeric(18, 4)), NULL, NULL, 1)
INSERT [dbo].[PRODUCT_RATEKEYFACTOR] ([ID], [PRODUCTPREMIUMRATEID], [KEYFACTORID], [FROMVALUE], [TOVALUE], [VALUE], [REFERENCENAME], [VERSION]) VALUES (N'148218                              ', N'ISPRD002000012904523032020          ', N'ISSYS0130001000000000129032013      ', CAST(5000000.0000 AS Numeric(18, 4)), CAST(7000000.0000 AS Numeric(18, 4)), NULL, NULL, 1)
INSERT [dbo].[PRODUCT_RATEKEYFACTOR] ([ID], [PRODUCTPREMIUMRATEID], [KEYFACTORID], [FROMVALUE], [TOVALUE], [VALUE], [REFERENCENAME], [VERSION]) VALUES (N'148219                              ', N'ISPRD002000012904523032020          ', N'ISSYS0130001000000000829032013      ', CAST(0.0000 AS Numeric(18, 4)), CAST(0.0000 AS Numeric(18, 4)), N'4', NULL, 1)

INSERT [dbo].[PRODUCT_RATEKEYFACTOR] ([ID], [PRODUCTPREMIUMRATEID], [KEYFACTORID], [FROMVALUE], [TOVALUE], [VALUE], [REFERENCENAME], [VERSION]) VALUES (N'148220                              ', N'ISPRD002000012904623032020          ', N'ISSYS013000009605725022020          ', CAST(41.0000 AS Numeric(18, 4)), CAST(50.0000 AS Numeric(18, 4)), NULL, NULL, 1)
INSERT [dbo].[PRODUCT_RATEKEYFACTOR] ([ID], [PRODUCTPREMIUMRATEID], [KEYFACTORID], [FROMVALUE], [TOVALUE], [VALUE], [REFERENCENAME], [VERSION]) VALUES (N'148221                              ', N'ISPRD002000012904623032020          ', N'ISSYS0130001000000000129032013      ', CAST(7100000.0000 AS Numeric(18, 4)), CAST(25000000.0000 AS Numeric(18, 4)), NULL, NULL, 1)
INSERT [dbo].[PRODUCT_RATEKEYFACTOR] ([ID], [PRODUCTPREMIUMRATEID], [KEYFACTORID], [FROMVALUE], [TOVALUE], [VALUE], [REFERENCENAME], [VERSION]) VALUES (N'148222                              ', N'ISPRD002000012904623032020          ', N'ISSYS0130001000000000829032013      ', CAST(0.0000 AS Numeric(18, 4)), CAST(0.0000 AS Numeric(18, 4)), N'4', NULL, 1)

INSERT [dbo].[PRODUCT_RATEKEYFACTOR] ([ID], [PRODUCTPREMIUMRATEID], [KEYFACTORID], [FROMVALUE], [TOVALUE], [VALUE], [REFERENCENAME], [VERSION]) VALUES (N'148223                              ', N'ISPRD002000012904723032020          ', N'ISSYS013000009605725022020          ', CAST(41.0000 AS Numeric(18, 4)), CAST(50.0000 AS Numeric(18, 4)), NULL, NULL, 1)
INSERT [dbo].[PRODUCT_RATEKEYFACTOR] ([ID], [PRODUCTPREMIUMRATEID], [KEYFACTORID], [FROMVALUE], [TOVALUE], [VALUE], [REFERENCENAME], [VERSION]) VALUES (N'148224                              ', N'ISPRD002000012904723032020          ', N'ISSYS0130001000000000129032013      ', CAST(5000000.0000 AS Numeric(18, 4)), CAST(7000000.0000 AS Numeric(18, 4)), NULL, NULL, 1)
INSERT [dbo].[PRODUCT_RATEKEYFACTOR] ([ID], [PRODUCTPREMIUMRATEID], [KEYFACTORID], [FROMVALUE], [TOVALUE], [VALUE], [REFERENCENAME], [VERSION]) VALUES (N'148225                              ', N'ISPRD002000012904723032020          ', N'ISSYS0130001000000000829032013      ', CAST(0.0000 AS Numeric(18, 4)), CAST(0.0000 AS Numeric(18, 4)), N'4', NULL, 1)

INSERT [dbo].[PRODUCT_RATEKEYFACTOR] ([ID], [PRODUCTPREMIUMRATEID], [KEYFACTORID], [FROMVALUE], [TOVALUE], [VALUE], [REFERENCENAME], [VERSION]) VALUES (N'148226                              ', N'ISPRD002000012904823032020          ', N'ISSYS013000009605725022020          ', CAST(51.0000 AS Numeric(18, 4)), CAST(60.0000 AS Numeric(18, 4)), NULL, NULL, 1)
INSERT [dbo].[PRODUCT_RATEKEYFACTOR] ([ID], [PRODUCTPREMIUMRATEID], [KEYFACTORID], [FROMVALUE], [TOVALUE], [VALUE], [REFERENCENAME], [VERSION]) VALUES (N'148227                              ', N'ISPRD002000012904823032020          ', N'ISSYS0130001000000000129032013      ', CAST(5000000.0000 AS Numeric(18, 4)), CAST(25000000.0000 AS Numeric(18, 4)), NULL, NULL, 1)
INSERT [dbo].[PRODUCT_RATEKEYFACTOR] ([ID], [PRODUCTPREMIUMRATEID], [KEYFACTORID], [FROMVALUE], [TOVALUE], [VALUE], [REFERENCENAME], [VERSION]) VALUES (N'148228                              ', N'ISPRD002000012904823032020          ', N'ISSYS0130001000000000829032013      ', CAST(0.0000 AS Numeric(18, 4)), CAST(0.0000 AS Numeric(18, 4)), N'4', NULL, 1)

INSERT [dbo].[PRODUCT_RATEKEYFACTOR] ([ID], [PRODUCTPREMIUMRATEID], [KEYFACTORID], [FROMVALUE], [TOVALUE], [VALUE], [REFERENCENAME], [VERSION]) VALUES (N'148229                              ', N'ISPRD002000012904923032020          ', N'ISSYS013000009605725022020          ', CAST(18.0000 AS Numeric(18, 4)), CAST(40.0000 AS Numeric(18, 4)), NULL, NULL, 1)
INSERT [dbo].[PRODUCT_RATEKEYFACTOR] ([ID], [PRODUCTPREMIUMRATEID], [KEYFACTORID], [FROMVALUE], [TOVALUE], [VALUE], [REFERENCENAME], [VERSION]) VALUES (N'148230                              ', N'ISPRD002000012904923032020          ', N'ISSYS0130001000000000129032013      ', CAST(14100000.0000 AS Numeric(18, 4)), CAST(25000000.0000 AS Numeric(18, 4)), NULL, NULL, 1)
INSERT [dbo].[PRODUCT_RATEKEYFACTOR] ([ID], [PRODUCTPREMIUMRATEID], [KEYFACTORID], [FROMVALUE], [TOVALUE], [VALUE], [REFERENCENAME], [VERSION]) VALUES (N'148231                              ', N'ISPRD002000012904923032020          ', N'ISSYS0130001000000000829032013      ', CAST(0.0000 AS Numeric(18, 4)), CAST(0.0000 AS Numeric(18, 4)), N'5', NULL, 1)

INSERT [dbo].[PRODUCT_RATEKEYFACTOR] ([ID], [PRODUCTPREMIUMRATEID], [KEYFACTORID], [FROMVALUE], [TOVALUE], [VALUE], [REFERENCENAME], [VERSION]) VALUES (N'148232                              ', N'ISPRD002000012905023032020          ', N'ISSYS013000009605725022020          ', CAST(18.0000 AS Numeric(18, 4)), CAST(40.0000 AS Numeric(18, 4)), NULL, NULL, 1)
INSERT [dbo].[PRODUCT_RATEKEYFACTOR] ([ID], [PRODUCTPREMIUMRATEID], [KEYFACTORID], [FROMVALUE], [TOVALUE], [VALUE], [REFERENCENAME], [VERSION]) VALUES (N'148233                              ', N'ISPRD002000012905023032020          ', N'ISSYS0130001000000000129032013      ', CAST(7100000.0000 AS Numeric(18, 4)), CAST(14000000.0000 AS Numeric(18, 4)), NULL, NULL, 1)
INSERT [dbo].[PRODUCT_RATEKEYFACTOR] ([ID], [PRODUCTPREMIUMRATEID], [KEYFACTORID], [FROMVALUE], [TOVALUE], [VALUE], [REFERENCENAME], [VERSION]) VALUES (N'148234                              ', N'ISPRD002000012905023032020          ', N'ISSYS0130001000000000829032013      ', CAST(0.0000 AS Numeric(18, 4)), CAST(0.0000 AS Numeric(18, 4)), N'5', NULL, 1)

INSERT [dbo].[PRODUCT_RATEKEYFACTOR] ([ID], [PRODUCTPREMIUMRATEID], [KEYFACTORID], [FROMVALUE], [TOVALUE], [VALUE], [REFERENCENAME], [VERSION]) VALUES (N'148235                              ', N'ISPRD002000012905123032020          ', N'ISSYS013000009605725022020          ', CAST(18.0000 AS Numeric(18, 4)), CAST(40.0000 AS Numeric(18, 4)), NULL, NULL, 1)
INSERT [dbo].[PRODUCT_RATEKEYFACTOR] ([ID], [PRODUCTPREMIUMRATEID], [KEYFACTORID], [FROMVALUE], [TOVALUE], [VALUE], [REFERENCENAME], [VERSION]) VALUES (N'148236                              ', N'ISPRD002000012905123032020          ', N'ISSYS0130001000000000129032013      ', CAST(5000000.0000 AS Numeric(18, 4)), CAST(7000000.0000 AS Numeric(18, 4)), NULL, NULL, 1)
INSERT [dbo].[PRODUCT_RATEKEYFACTOR] ([ID], [PRODUCTPREMIUMRATEID], [KEYFACTORID], [FROMVALUE], [TOVALUE], [VALUE], [REFERENCENAME], [VERSION]) VALUES (N'148237                              ', N'ISPRD002000012905123032020          ', N'ISSYS0130001000000000829032013      ', CAST(0.0000 AS Numeric(18, 4)), CAST(0.0000 AS Numeric(18, 4)), N'5', NULL, 1)

INSERT [dbo].[PRODUCT_RATEKEYFACTOR] ([ID], [PRODUCTPREMIUMRATEID], [KEYFACTORID], [FROMVALUE], [TOVALUE], [VALUE], [REFERENCENAME], [VERSION]) VALUES (N'148238                              ', N'ISPRD002000012905223032020          ', N'ISSYS013000009605725022020          ', CAST(41.0000 AS Numeric(18, 4)), CAST(50.0000 AS Numeric(18, 4)), NULL, NULL, 1)
INSERT [dbo].[PRODUCT_RATEKEYFACTOR] ([ID], [PRODUCTPREMIUMRATEID], [KEYFACTORID], [FROMVALUE], [TOVALUE], [VALUE], [REFERENCENAME], [VERSION]) VALUES (N'148239                              ', N'ISPRD002000012905223032020          ', N'ISSYS0130001000000000129032013      ', CAST(7100000.0000 AS Numeric(18, 4)), CAST(25000000.0000 AS Numeric(18, 4)), NULL, NULL, 1)
INSERT [dbo].[PRODUCT_RATEKEYFACTOR] ([ID], [PRODUCTPREMIUMRATEID], [KEYFACTORID], [FROMVALUE], [TOVALUE], [VALUE], [REFERENCENAME], [VERSION]) VALUES (N'148240                              ', N'ISPRD002000012905223032020          ', N'ISSYS0130001000000000829032013      ', CAST(0.0000 AS Numeric(18, 4)), CAST(0.0000 AS Numeric(18, 4)), N'5', NULL, 1)

INSERT [dbo].[PRODUCT_RATEKEYFACTOR] ([ID], [PRODUCTPREMIUMRATEID], [KEYFACTORID], [FROMVALUE], [TOVALUE], [VALUE], [REFERENCENAME], [VERSION]) VALUES (N'148241                              ', N'ISPRD002000012905323032020          ', N'ISSYS013000009605725022020          ', CAST(41.0000 AS Numeric(18, 4)), CAST(50.0000 AS Numeric(18, 4)), NULL, NULL, 1)
INSERT [dbo].[PRODUCT_RATEKEYFACTOR] ([ID], [PRODUCTPREMIUMRATEID], [KEYFACTORID], [FROMVALUE], [TOVALUE], [VALUE], [REFERENCENAME], [VERSION]) VALUES (N'148242                              ', N'ISPRD002000012905323032020          ', N'ISSYS0130001000000000129032013      ', CAST(5000000.0000 AS Numeric(18, 4)), CAST(7000000.0000 AS Numeric(18, 4)), NULL, NULL, 1)
INSERT [dbo].[PRODUCT_RATEKEYFACTOR] ([ID], [PRODUCTPREMIUMRATEID], [KEYFACTORID], [FROMVALUE], [TOVALUE], [VALUE], [REFERENCENAME], [VERSION]) VALUES (N'148243                              ', N'ISPRD002000012905323032020          ', N'ISSYS0130001000000000829032013      ', CAST(0.0000 AS Numeric(18, 4)), CAST(0.0000 AS Numeric(18, 4)), N'5', NULL, 1)

INSERT [dbo].[PRODUCT_RATEKEYFACTOR] ([ID], [PRODUCTPREMIUMRATEID], [KEYFACTORID], [FROMVALUE], [TOVALUE], [VALUE], [REFERENCENAME], [VERSION]) VALUES (N'148244                              ', N'ISPRD002000012905423032020          ', N'ISSYS013000009605725022020          ', CAST(51.0000 AS Numeric(18, 4)), CAST(60.0000 AS Numeric(18, 4)), NULL, NULL, 1)
INSERT [dbo].[PRODUCT_RATEKEYFACTOR] ([ID], [PRODUCTPREMIUMRATEID], [KEYFACTORID], [FROMVALUE], [TOVALUE], [VALUE], [REFERENCENAME], [VERSION]) VALUES (N'148245                              ', N'ISPRD002000012905423032020          ', N'ISSYS0130001000000000129032013      ', CAST(5000000.0000 AS Numeric(18, 4)), CAST(25000000.0000 AS Numeric(18, 4)), NULL, NULL, 1)
INSERT [dbo].[PRODUCT_RATEKEYFACTOR] ([ID], [PRODUCTPREMIUMRATEID], [KEYFACTORID], [FROMVALUE], [TOVALUE], [VALUE], [REFERENCENAME], [VERSION]) VALUES (N'148246                              ', N'ISPRD002000012905423032020          ', N'ISSYS0130001000000000829032013      ', CAST(0.0000 AS Numeric(18, 4)), CAST(0.0000 AS Numeric(18, 4)), N'5', NULL, 1)

 
/* coa setup for Single Premium Endowment Life*/
INSERT [dbo].[COASETUP] ([ACNAME], [ACODE], [BRANCHCODE], [DCODE], [CUR]) VALUES (N'SINGLE_PREMIUM_ENDOWMENT_PREMIUM', N'IAS001', N'001', NULL, N'KYT')
INSERT [dbo].[COASETUP] ([ACNAME], [ACODE], [BRANCHCODE], [DCODE], [CUR]) VALUES (N'SINGLE_PREMIUM_ENDOWMENT_AGENT_COMMISSION', N'EEE014', N'001', NULL, N'KYT')
INSERT [dbo].[COASETUP] ([ACNAME], [ACODE], [BRANCHCODE], [DCODE], [CUR]) VALUES (N'SINGLE_PREMIUM_ENDOWMENT_AGENT_PAYABLE', N'LPBO15', N'001', NULL, N'KYT')
INSERT [dbo].[COASETUP] ([ACNAME], [ACODE], [BRANCHCODE], [DCODE], [CUR]) VALUES (N'SINGLE_PREMIUM_ENDOWMENT_PAYMENT_ORDER', N'AUK016', N'001', NULL, N'KYT')
INSERT [dbo].[COASETUP] ([ACNAME], [ACODE], [BRANCHCODE], [DCODE], [CUR]) VALUES (N'SINGLE_PREMIUM_ENDOWMENT_SUNDRY', N'AUJ001', N'001', NULL, N'KYT')
INSERT [dbo].[COASETUP] ([ACNAME], [ACODE], [BRANCHCODE], [DCODE], [CUR]) VALUES (N'SINGLE_PREMIUM_ENDOWMENT_SUNDRY', N'LMD001', N'001', NULL, N'USD')


INSERT  [COA] ([ACODE],[DCODE],[ACNAME],[ACTYPE],[PDATE],[IBSBACODE]) VALUES (N'IAS001','',N'Singel Premium Endowment Life Pre; Income', N'I', CAST(N'2020-06-16 17:42:37.337' AS DateTime), '')
INSERT  [COA] ([ACODE],[DCODE],[ACNAME],[ACTYPE],[PDATE],[IBSBACODE]) VALUES (N'EEE014','',N'Agent Commission Payment (Single Premium Endowment)', N'E', CAST(N'2020-06-16 17:42:37.337' AS DateTime), '')
INSERT  [COA] ([ACODE],[DCODE],[ACNAME],[ACTYPE],[PDATE],[IBSBACODE]) VALUES (N'LPBO15','',N'Insurance Com; Payable(Single Premium Endowment)', N'L', CAST(N'2020-06-16 17:42:37.337' AS DateTime), '')
INSERT  [COA] ([ACODE],[DCODE],[ACNAME],[ACTYPE],[PDATE],[IBSBACODE]) VALUES (N'AUK016','',N'Accrued Pre; Income Receivable(Single Premium Endowment)', N'A', CAST(N'2020-06-16 17:42:37.337' AS DateTime), '')
INSERT  [COA] ([ACODE],[DCODE],[ACNAME],[ACTYPE],[PDATE],[IBSBACODE]) VALUES (N'AUJ001','',N'Receivable from GGG', N'A', CAST(N'2020-06-16 17:42:37.337' AS DateTime), '')

INSERT  [CCOA] ([ACODE],[DCODE],[CUR],[BF],[OBAL],[HOBAL],[CBAL],[M1],[M2],[M3],[M4],[M5],[M6],[M7],[M8],[M9],[M10],[M11],[M12],[M13],[MSRC1],[MSRC2],[MSRC3],[MSRC4],[MSRC5],[MSRC6],[MSRC7],[MSRC8],[MSRC9],[MSRC10],[MSRC11],[MSRC12],[MSRC13],[BF1],[BF2],[BF3],[BF4],[BF5],[BF6],[BF7],[BF8],[BF9],[BF10],[BF11],[BF12],[BF13],[BFSRC1],[BFSRC2],[BFSRC3],[BFSRC4],[BFSRC5],[BFSRC6],[BFSRC7],[BFSRC8],[BFSRC9],[BFSRC10],[BFSRC11],[BFSRC12],[BFSRC13],[MREV1],[MREV2],[MREV3],[MREV4],[MREV5],[MREV6],[MREV7],[MREV8],[MREV9],[MREV10],[MREV11],[MREV12],[MREV13],[LYMSRC1],[LYMSRC2],[LYMSRC3],[LYMSRC4],[LYMSRC5],[LYMSRC6],[LYMSRC7],[LYMSRC8],[LYMSRC9],[LYMSRC10],[LYMSRC11],[LYMSRC12],[LYMSRC13],[SCCRBAL],[ACCRUED],[BUDGET],[BranchID],[ACNAME]) VALUES

(N'IAS001','', N'KYT', CAST(0.0000 AS Numeric(18, 4)), CAST(0.0000 AS Numeric(18, 4)), CAST(0.0000 AS Numeric(18, 4)), CAST(0.0000 AS Numeric(18, 4)), CAST(0.0000 AS Numeric(18, 4)), CAST(0.0000 AS Numeric(18, 4)), CAST(0.0000 AS Numeric(18, 4)), CAST(0.0000 AS Numeric(18, 4)), CAST(0.0000 AS Numeric(18, 4)), CAST(0.0000 AS Numeric(18, 4)), CAST(0.0000 AS Numeric(18, 4)), CAST(0.0000 AS Numeric(18, 4)), CAST(0.0000 AS Numeric(18, 4)), CAST(0.0000 AS Numeric(18, 4)), CAST(0.0000 AS Numeric(18, 4)), CAST(0.0000 AS Numeric(18, 4)), CAST(0.0000 AS Numeric(18, 4)), CAST(0.0000 AS Numeric(18, 4)), CAST(0.0000 AS Numeric(18, 4)), CAST(0.0000 AS Numeric(18, 4)), CAST(0.0000 AS Numeric(18, 4)), CAST(0.0000 AS Numeric(18, 4)), CAST(0.0000 AS Numeric(18, 4)), CAST(0.0000 AS Numeric(18, 4)), CAST(0.0000 AS Numeric(18, 4)), CAST(0.0000 AS Numeric(18, 4)), CAST(0.0000 AS Numeric(18, 4)), CAST(0.0000 AS Numeric(18, 4)), CAST(0.0000 AS Numeric(18, 4)), CAST(0.0000 AS Numeric(18, 4)), CAST(0.0000 AS Numeric(18, 4)), CAST(0.0000 AS Numeric(18, 4)), CAST(0.0000 AS Numeric(18, 4)), CAST(0.0000 AS Numeric(18, 4)), CAST(0.0000 AS Numeric(18, 4)), CAST(0.0000 AS Numeric(18, 4)), CAST(0.0000 AS Numeric(18, 4)), CAST(0.0000 AS Numeric(18, 4)), CAST(0.0000 AS Numeric(18, 4)), CAST(0.0000 AS Numeric(18, 4)), CAST(0.0000 AS Numeric(18, 4)), CAST(0.0000 AS Numeric(18, 4)), CAST(0.0000 AS Numeric(18, 4)), CAST(0.0000 AS Numeric(18, 4)), CAST(0.0000 AS Numeric(18, 4)), CAST(0.0000 AS Numeric(18, 4)), CAST(0.0000 AS Numeric(18, 4)), CAST(0.0000 AS Numeric(18, 4)), CAST(0.0000 AS Numeric(18, 4)), CAST(0.0000 AS Numeric(18, 4)), CAST(0.0000 AS Numeric(18, 4)), CAST(0.0000 AS Numeric(18, 4)), CAST(0.0000 AS Numeric(18, 4)), CAST(0.0000 AS Numeric(18, 4)), CAST(0.0000 AS Numeric(18, 4)), CAST(0.0000 AS Numeric(18, 4)), CAST(0.0000 AS Numeric(18, 4)), CAST(0.0000 AS Numeric(18, 4)), CAST(0.0000 AS Numeric(18, 4)), CAST(0.0000 AS Numeric(18, 4)), CAST(0.0000 AS Numeric(18, 4)), CAST(0.0000 AS Numeric(18, 4)), CAST(0.0000 AS Numeric(18, 4)), CAST(0.0000 AS Numeric(18, 4)), CAST(0.0000 AS Numeric(18, 4)), CAST(0.0000 AS Numeric(18, 4)), CAST(0.0000 AS Numeric(18, 4)), CAST(0.0000 AS Numeric(18, 4)), CAST(0.0000 AS Numeric(18, 4)), CAST(0.0000 AS Numeric(18, 4)), CAST(0.0000 AS Numeric(18, 4)), CAST(0.0000 AS Numeric(18, 4)), CAST(0.0000 AS Numeric(18, 4)), CAST(0.0000 AS Numeric(18, 4)), CAST(0.0000 AS Numeric(18, 4)), CAST(0.0000 AS Numeric(18, 4)), CAST(0.0000 AS Numeric(18, 4)), CAST(0.0000 AS Numeric(18, 4)), CAST(0.0000 AS Numeric(18, 4)), CAST(0.0000 AS Numeric(18, 4)), CAST(0.0000 AS Numeric(18, 4)), CAST(0.0000 AS Numeric(18, 4)), CAST(0.0000 AS Numeric(18, 4)), CAST(0.0000 AS Numeric(18, 4)), 
N'2019/2020',N'001',N'Singel Premium Endowment Life Pre; Income'), 
(N'EEE014','', N'KYT', CAST(0.0000 AS Numeric(18, 4)), CAST(0.0000 AS Numeric(18, 4)), CAST(0.0000 AS Numeric(18, 4)), CAST(0.0000 AS Numeric(18, 4)), CAST(0.0000 AS Numeric(18, 4)), CAST(0.0000 AS Numeric(18, 4)), CAST(0.0000 AS Numeric(18, 4)), CAST(0.0000 AS Numeric(18, 4)), CAST(0.0000 AS Numeric(18, 4)), CAST(0.0000 AS Numeric(18, 4)), CAST(0.0000 AS Numeric(18, 4)), CAST(0.0000 AS Numeric(18, 4)), CAST(0.0000 AS Numeric(18, 4)), CAST(0.0000 AS Numeric(18, 4)), CAST(0.0000 AS Numeric(18, 4)), CAST(0.0000 AS Numeric(18, 4)), CAST(0.0000 AS Numeric(18, 4)), CAST(0.0000 AS Numeric(18, 4)), CAST(0.0000 AS Numeric(18, 4)), CAST(0.0000 AS Numeric(18, 4)), CAST(0.0000 AS Numeric(18, 4)), CAST(0.0000 AS Numeric(18, 4)), CAST(0.0000 AS Numeric(18, 4)), CAST(0.0000 AS Numeric(18, 4)), CAST(0.0000 AS Numeric(18, 4)), CAST(0.0000 AS Numeric(18, 4)), CAST(0.0000 AS Numeric(18, 4)), CAST(0.0000 AS Numeric(18, 4)), CAST(0.0000 AS Numeric(18, 4)), CAST(0.0000 AS Numeric(18, 4)), CAST(0.0000 AS Numeric(18, 4)), CAST(0.0000 AS Numeric(18, 4)), CAST(0.0000 AS Numeric(18, 4)), CAST(0.0000 AS Numeric(18, 4)), CAST(0.0000 AS Numeric(18, 4)), CAST(0.0000 AS Numeric(18, 4)), CAST(0.0000 AS Numeric(18, 4)), CAST(0.0000 AS Numeric(18, 4)), CAST(0.0000 AS Numeric(18, 4)), CAST(0.0000 AS Numeric(18, 4)), CAST(0.0000 AS Numeric(18, 4)), CAST(0.0000 AS Numeric(18, 4)), CAST(0.0000 AS Numeric(18, 4)), CAST(0.0000 AS Numeric(18, 4)), CAST(0.0000 AS Numeric(18, 4)), CAST(0.0000 AS Numeric(18, 4)), CAST(0.0000 AS Numeric(18, 4)), CAST(0.0000 AS Numeric(18, 4)), CAST(0.0000 AS Numeric(18, 4)), CAST(0.0000 AS Numeric(18, 4)), CAST(0.0000 AS Numeric(18, 4)), CAST(0.0000 AS Numeric(18, 4)), CAST(0.0000 AS Numeric(18, 4)), CAST(0.0000 AS Numeric(18, 4)), CAST(0.0000 AS Numeric(18, 4)), CAST(0.0000 AS Numeric(18, 4)), CAST(0.0000 AS Numeric(18, 4)), CAST(0.0000 AS Numeric(18, 4)), CAST(0.0000 AS Numeric(18, 4)), CAST(0.0000 AS Numeric(18, 4)), CAST(0.0000 AS Numeric(18, 4)), CAST(0.0000 AS Numeric(18, 4)), CAST(0.0000 AS Numeric(18, 4)), CAST(0.0000 AS Numeric(18, 4)), CAST(0.0000 AS Numeric(18, 4)), CAST(0.0000 AS Numeric(18, 4)), CAST(0.0000 AS Numeric(18, 4)), CAST(0.0000 AS Numeric(18, 4)), CAST(0.0000 AS Numeric(18, 4)), CAST(0.0000 AS Numeric(18, 4)), CAST(0.0000 AS Numeric(18, 4)), CAST(0.0000 AS Numeric(18, 4)), CAST(0.0000 AS Numeric(18, 4)), CAST(0.0000 AS Numeric(18, 4)), CAST(0.0000 AS Numeric(18, 4)), CAST(0.0000 AS Numeric(18, 4)), CAST(0.0000 AS Numeric(18, 4)), CAST(0.0000 AS Numeric(18, 4)), CAST(0.0000 AS Numeric(18, 4)), CAST(0.0000 AS Numeric(18, 4)), CAST(0.0000 AS Numeric(18, 4)), CAST(0.0000 AS Numeric(18, 4)), CAST(0.0000 AS Numeric(18, 4)), CAST(0.0000 AS Numeric(18, 4)), 
N'2019/2020',N'001',N'Agent Commission Payment (Single Premium Endowment)'), 
(N'LPBO15','', N'KYT', CAST(0.0000 AS Numeric(18, 4)), CAST(0.0000 AS Numeric(18, 4)), CAST(0.0000 AS Numeric(18, 4)), CAST(0.0000 AS Numeric(18, 4)), CAST(0.0000 AS Numeric(18, 4)), CAST(0.0000 AS Numeric(18, 4)), CAST(0.0000 AS Numeric(18, 4)), CAST(0.0000 AS Numeric(18, 4)), CAST(0.0000 AS Numeric(18, 4)), CAST(0.0000 AS Numeric(18, 4)), CAST(0.0000 AS Numeric(18, 4)), CAST(0.0000 AS Numeric(18, 4)), CAST(0.0000 AS Numeric(18, 4)), CAST(0.0000 AS Numeric(18, 4)), CAST(0.0000 AS Numeric(18, 4)), CAST(0.0000 AS Numeric(18, 4)), CAST(0.0000 AS Numeric(18, 4)), CAST(0.0000 AS Numeric(18, 4)), CAST(0.0000 AS Numeric(18, 4)), CAST(0.0000 AS Numeric(18, 4)), CAST(0.0000 AS Numeric(18, 4)), CAST(0.0000 AS Numeric(18, 4)), CAST(0.0000 AS Numeric(18, 4)), CAST(0.0000 AS Numeric(18, 4)), CAST(0.0000 AS Numeric(18, 4)), CAST(0.0000 AS Numeric(18, 4)), CAST(0.0000 AS Numeric(18, 4)), CAST(0.0000 AS Numeric(18, 4)), CAST(0.0000 AS Numeric(18, 4)), CAST(0.0000 AS Numeric(18, 4)), CAST(0.0000 AS Numeric(18, 4)), CAST(0.0000 AS Numeric(18, 4)), CAST(0.0000 AS Numeric(18, 4)), CAST(0.0000 AS Numeric(18, 4)), CAST(0.0000 AS Numeric(18, 4)), CAST(0.0000 AS Numeric(18, 4)), CAST(0.0000 AS Numeric(18, 4)), CAST(0.0000 AS Numeric(18, 4)), CAST(0.0000 AS Numeric(18, 4)), CAST(0.0000 AS Numeric(18, 4)), CAST(0.0000 AS Numeric(18, 4)), CAST(0.0000 AS Numeric(18, 4)), CAST(0.0000 AS Numeric(18, 4)), CAST(0.0000 AS Numeric(18, 4)), CAST(0.0000 AS Numeric(18, 4)), CAST(0.0000 AS Numeric(18, 4)), CAST(0.0000 AS Numeric(18, 4)), CAST(0.0000 AS Numeric(18, 4)), CAST(0.0000 AS Numeric(18, 4)), CAST(0.0000 AS Numeric(18, 4)), CAST(0.0000 AS Numeric(18, 4)), CAST(0.0000 AS Numeric(18, 4)), CAST(0.0000 AS Numeric(18, 4)), CAST(0.0000 AS Numeric(18, 4)), CAST(0.0000 AS Numeric(18, 4)), CAST(0.0000 AS Numeric(18, 4)), CAST(0.0000 AS Numeric(18, 4)), CAST(0.0000 AS Numeric(18, 4)), CAST(0.0000 AS Numeric(18, 4)), CAST(0.0000 AS Numeric(18, 4)), CAST(0.0000 AS Numeric(18, 4)), CAST(0.0000 AS Numeric(18, 4)), CAST(0.0000 AS Numeric(18, 4)), CAST(0.0000 AS Numeric(18, 4)), CAST(0.0000 AS Numeric(18, 4)), CAST(0.0000 AS Numeric(18, 4)), CAST(0.0000 AS Numeric(18, 4)), CAST(0.0000 AS Numeric(18, 4)), CAST(0.0000 AS Numeric(18, 4)), CAST(0.0000 AS Numeric(18, 4)), CAST(0.0000 AS Numeric(18, 4)), CAST(0.0000 AS Numeric(18, 4)), CAST(0.0000 AS Numeric(18, 4)), CAST(0.0000 AS Numeric(18, 4)), CAST(0.0000 AS Numeric(18, 4)), CAST(0.0000 AS Numeric(18, 4)), CAST(0.0000 AS Numeric(18, 4)), CAST(0.0000 AS Numeric(18, 4)), CAST(0.0000 AS Numeric(18, 4)), CAST(0.0000 AS Numeric(18, 4)), CAST(0.0000 AS Numeric(18, 4)), CAST(0.0000 AS Numeric(18, 4)), CAST(0.0000 AS Numeric(18, 4)), CAST(0.0000 AS Numeric(18, 4)), 
N'2019/2020',N'001',N'Insurance Com; Payable(Single Premium Endowment)'), 
(N'AUK016','', N'KYT', CAST(0.0000 AS Numeric(18, 4)), CAST(0.0000 AS Numeric(18, 4)), CAST(0.0000 AS Numeric(18, 4)), CAST(0.0000 AS Numeric(18, 4)), CAST(0.0000 AS Numeric(18, 4)), CAST(0.0000 AS Numeric(18, 4)), CAST(0.0000 AS Numeric(18, 4)), CAST(0.0000 AS Numeric(18, 4)), CAST(0.0000 AS Numeric(18, 4)), CAST(0.0000 AS Numeric(18, 4)), CAST(0.0000 AS Numeric(18, 4)), CAST(0.0000 AS Numeric(18, 4)), CAST(0.0000 AS Numeric(18, 4)), CAST(0.0000 AS Numeric(18, 4)), CAST(0.0000 AS Numeric(18, 4)), CAST(0.0000 AS Numeric(18, 4)), CAST(0.0000 AS Numeric(18, 4)), CAST(0.0000 AS Numeric(18, 4)), CAST(0.0000 AS Numeric(18, 4)), CAST(0.0000 AS Numeric(18, 4)), CAST(0.0000 AS Numeric(18, 4)), CAST(0.0000 AS Numeric(18, 4)), CAST(0.0000 AS Numeric(18, 4)), CAST(0.0000 AS Numeric(18, 4)), CAST(0.0000 AS Numeric(18, 4)), CAST(0.0000 AS Numeric(18, 4)), CAST(0.0000 AS Numeric(18, 4)), CAST(0.0000 AS Numeric(18, 4)), CAST(0.0000 AS Numeric(18, 4)), CAST(0.0000 AS Numeric(18, 4)), CAST(0.0000 AS Numeric(18, 4)), CAST(0.0000 AS Numeric(18, 4)), CAST(0.0000 AS Numeric(18, 4)), CAST(0.0000 AS Numeric(18, 4)), CAST(0.0000 AS Numeric(18, 4)), CAST(0.0000 AS Numeric(18, 4)), CAST(0.0000 AS Numeric(18, 4)), CAST(0.0000 AS Numeric(18, 4)), CAST(0.0000 AS Numeric(18, 4)), CAST(0.0000 AS Numeric(18, 4)), CAST(0.0000 AS Numeric(18, 4)), CAST(0.0000 AS Numeric(18, 4)), CAST(0.0000 AS Numeric(18, 4)), CAST(0.0000 AS Numeric(18, 4)), CAST(0.0000 AS Numeric(18, 4)), CAST(0.0000 AS Numeric(18, 4)), CAST(0.0000 AS Numeric(18, 4)), CAST(0.0000 AS Numeric(18, 4)), CAST(0.0000 AS Numeric(18, 4)), CAST(0.0000 AS Numeric(18, 4)), CAST(0.0000 AS Numeric(18, 4)), CAST(0.0000 AS Numeric(18, 4)), CAST(0.0000 AS Numeric(18, 4)), CAST(0.0000 AS Numeric(18, 4)), CAST(0.0000 AS Numeric(18, 4)), CAST(0.0000 AS Numeric(18, 4)), CAST(0.0000 AS Numeric(18, 4)), CAST(0.0000 AS Numeric(18, 4)), CAST(0.0000 AS Numeric(18, 4)), CAST(0.0000 AS Numeric(18, 4)), CAST(0.0000 AS Numeric(18, 4)), CAST(0.0000 AS Numeric(18, 4)), CAST(0.0000 AS Numeric(18, 4)), CAST(0.0000 AS Numeric(18, 4)), CAST(0.0000 AS Numeric(18, 4)), CAST(0.0000 AS Numeric(18, 4)), CAST(0.0000 AS Numeric(18, 4)), CAST(0.0000 AS Numeric(18, 4)), CAST(0.0000 AS Numeric(18, 4)), CAST(0.0000 AS Numeric(18, 4)), CAST(0.0000 AS Numeric(18, 4)), CAST(0.0000 AS Numeric(18, 4)), CAST(0.0000 AS Numeric(18, 4)), CAST(0.0000 AS Numeric(18, 4)), CAST(0.0000 AS Numeric(18, 4)), CAST(0.0000 AS Numeric(18, 4)), CAST(0.0000 AS Numeric(18, 4)), CAST(0.0000 AS Numeric(18, 4)), CAST(0.0000 AS Numeric(18, 4)), CAST(0.0000 AS Numeric(18, 4)), CAST(0.0000 AS Numeric(18, 4)), CAST(0.0000 AS Numeric(18, 4)), CAST(0.0000 AS Numeric(18, 4)), CAST(0.0000 AS Numeric(18, 4)), 
N'2019/2020',N'001',N'Accrued Pre; Income Receivable(Single Premium Endowment)'), 
(N'AUJ001','', N'KYT', CAST(0.0000 AS Numeric(18, 4)), CAST(0.0000 AS Numeric(18, 4)), CAST(0.0000 AS Numeric(18, 4)), CAST(0.0000 AS Numeric(18, 4)), CAST(0.0000 AS Numeric(18, 4)), CAST(0.0000 AS Numeric(18, 4)), CAST(0.0000 AS Numeric(18, 4)), CAST(0.0000 AS Numeric(18, 4)), CAST(0.0000 AS Numeric(18, 4)), CAST(0.0000 AS Numeric(18, 4)), CAST(0.0000 AS Numeric(18, 4)), CAST(0.0000 AS Numeric(18, 4)), CAST(0.0000 AS Numeric(18, 4)), CAST(0.0000 AS Numeric(18, 4)), CAST(0.0000 AS Numeric(18, 4)), CAST(0.0000 AS Numeric(18, 4)), CAST(0.0000 AS Numeric(18, 4)), CAST(0.0000 AS Numeric(18, 4)), CAST(0.0000 AS Numeric(18, 4)), CAST(0.0000 AS Numeric(18, 4)), CAST(0.0000 AS Numeric(18, 4)), CAST(0.0000 AS Numeric(18, 4)), CAST(0.0000 AS Numeric(18, 4)), CAST(0.0000 AS Numeric(18, 4)), CAST(0.0000 AS Numeric(18, 4)), CAST(0.0000 AS Numeric(18, 4)), CAST(0.0000 AS Numeric(18, 4)), CAST(0.0000 AS Numeric(18, 4)), CAST(0.0000 AS Numeric(18, 4)), CAST(0.0000 AS Numeric(18, 4)), CAST(0.0000 AS Numeric(18, 4)), CAST(0.0000 AS Numeric(18, 4)), CAST(0.0000 AS Numeric(18, 4)), CAST(0.0000 AS Numeric(18, 4)), CAST(0.0000 AS Numeric(18, 4)), CAST(0.0000 AS Numeric(18, 4)), CAST(0.0000 AS Numeric(18, 4)), CAST(0.0000 AS Numeric(18, 4)), CAST(0.0000 AS Numeric(18, 4)), CAST(0.0000 AS Numeric(18, 4)), CAST(0.0000 AS Numeric(18, 4)), CAST(0.0000 AS Numeric(18, 4)), CAST(0.0000 AS Numeric(18, 4)), CAST(0.0000 AS Numeric(18, 4)), CAST(0.0000 AS Numeric(18, 4)), CAST(0.0000 AS Numeric(18, 4)), CAST(0.0000 AS Numeric(18, 4)), CAST(0.0000 AS Numeric(18, 4)), CAST(0.0000 AS Numeric(18, 4)), CAST(0.0000 AS Numeric(18, 4)), CAST(0.0000 AS Numeric(18, 4)), CAST(0.0000 AS Numeric(18, 4)), CAST(0.0000 AS Numeric(18, 4)), CAST(0.0000 AS Numeric(18, 4)), CAST(0.0000 AS Numeric(18, 4)), CAST(0.0000 AS Numeric(18, 4)), CAST(0.0000 AS Numeric(18, 4)), CAST(0.0000 AS Numeric(18, 4)), CAST(0.0000 AS Numeric(18, 4)), CAST(0.0000 AS Numeric(18, 4)), CAST(0.0000 AS Numeric(18, 4)), CAST(0.0000 AS Numeric(18, 4)), CAST(0.0000 AS Numeric(18, 4)), CAST(0.0000 AS Numeric(18, 4)), CAST(0.0000 AS Numeric(18, 4)), CAST(0.0000 AS Numeric(18, 4)), CAST(0.0000 AS Numeric(18, 4)), CAST(0.0000 AS Numeric(18, 4)), CAST(0.0000 AS Numeric(18, 4)), CAST(0.0000 AS Numeric(18, 4)), CAST(0.0000 AS Numeric(18, 4)), CAST(0.0000 AS Numeric(18, 4)), CAST(0.0000 AS Numeric(18, 4)), CAST(0.0000 AS Numeric(18, 4)), CAST(0.0000 AS Numeric(18, 4)), CAST(0.0000 AS Numeric(18, 4)), CAST(0.0000 AS Numeric(18, 4)), CAST(0.0000 AS Numeric(18, 4)), CAST(0.0000 AS Numeric(18, 4)), CAST(0.0000 AS Numeric(18, 4)), CAST(0.0000 AS Numeric(18, 4)), CAST(0.0000 AS Numeric(18, 4)), CAST(0.0000 AS Numeric(18, 4)), CAST(0.0000 AS Numeric(18, 4)), 
N'2019/2020',N'001',N'Receivable from GGG');

/* CUSTOM_ID_GEN for Single Premium Endowment Life*/
INSERT [dbo].[CUSTOM_ID_GEN] ([ID], [GENERATEITEM], [MAXVALUE], [PREFIX], [SUFFIX], [DESCRIPTION], [LENGTH], [ISDATEBASED], [CREATEDUSERID], [CREATEDDATE], [UPDATEDUSERID], [UPDATEDDATE], [VERSION], [BRANCHID]) VALUES (N'CUSID2131                           ', N'SINGLE_PREMIUM_ENDOWMENT_LIFE_POLICY_NO', CAST(22 AS Numeric(18, 0)), N'T', NULL, NULL, CAST(10 AS Numeric(3, 0)), 1, N'INUSR0010001000000000129032013      ', NULL, NULL, NULL, 22, NULL)
INSERT [dbo].[CUSTOM_ID_GEN] ([ID], [GENERATEITEM], [MAXVALUE], [PREFIX], [SUFFIX], [DESCRIPTION], [LENGTH], [ISDATEBASED], [CREATEDUSERID], [CREATEDDATE], [UPDATEDUSERID], [UPDATEDDATE], [VERSION], [BRANCHID]) VALUES (N'CUSID2120                           ', N'SINGLE_PREMIUM_ENDOWMENT_LIFE_PROPOSAL_NO', CAST(36 AS Numeric(18, 0)), N'TP', NULL, NULL, CAST(10 AS Numeric(3, 0)), 1, N'INUSR0010001000000000129032013      ', NULL, NULL, NULL, 36, NULL)

